target,target_channels_before,parity_mode,requested_keep,actual_keep,prune_pct_requested,prune_pct_actual,params_after,saved_params,saved_params_pct,saved_mb,base_lat_mean_ms,lat_mean_ms,lat_median_ms,lat_std_ms,speedup_ratio,lat_delta_ms,base_fps_mean,fps_mean,status,error
model.0,16,any,16,16,0.0,0.0,3157200,0,0.0,0.0,4.407426657676697,4.775013,4.740496,0.120713,0.923019,-0.367586,226.88976531424203,209.423508,ok,
model.0,16,any,14,14,12.5,12.5,3156566,634,0.0201,0.002419,4.407426657676697,4.595363,4.710048,0.165026,0.959103,-0.187937,226.88976531424203,217.610656,ok,
model.0,16,any,13,13,18.75,18.75,3156249,951,0.0301,0.003628,4.407426657676697,4.430475,4.41264,0.043417,0.994798,-0.023048,226.88976531424203,225.70945,ok,
model.0,16,any,11,11,31.25,31.25,3155615,1585,0.0502,0.006046,4.407426657676697,4.454996,4.43032,0.051875,0.989322,-0.047569,226.88976531424203,224.467117,ok,
model.0,16,any,10,10,37.5,37.5,3155298,1902,0.0602,0.007256,4.407426657676697,4.414571,4.407728,0.025018,0.998382,-0.007145,226.88976531424203,226.522561,ok,
model.0,16,any,8,8,50.0,50.0,3154664,2536,0.0803,0.009674,4.407426657676697,4.41784,4.396576,0.044704,0.997643,-0.010413,226.88976531424203,226.354966,ok,
model.0,16,any,6,6,62.5,62.5,3154030,3170,0.1004,0.012093,4.407426657676697,4.442833,4.424768,0.042425,0.992031,-0.035406,226.88976531424203,225.081612,ok,
model.0,16,any,5,5,68.75,68.75,3153713,3487,0.1104,0.013302,4.407426657676697,4.404882,4.4032,0.014406,1.000578,0.002544,226.88976531424203,227.020815,ok,
model.0,16,any,3,3,81.25,81.25,3153079,4121,0.1305,0.01572,4.407426657676697,4.445058,4.415456,0.063376,0.991534,-0.037631,226.88976531424203,224.968942,ok,
model.0,16,any,2,2,87.5,87.5,3152762,4438,0.1406,0.01693,4.407426657676697,4.426331,4.406208,0.046,0.995729,-0.018905,226.88976531424203,225.92073,ok,
model.0,16,any,1,1,93.75,93.75,3152445,4755,0.1506,0.018139,4.407426657676697,4.208875,4.189696,0.045611,1.047175,0.198552,226.88976531424203,237.593206,ok,
model.0,16,even,16,16,0.0,0.0,3157200,0,0.0,0.0,4.407426657676697,4.203822,4.19328,0.032174,1.048433,0.203605,226.88976531424203,237.878793,ok,
model.0,16,even,14,14,12.5,12.5,3156566,634,0.0201,0.002419,4.407426657676697,4.229821,4.212592,0.041822,1.041989,0.177606,226.88976531424203,236.416617,ok,
model.0,16,even,13,12,18.75,25.0,3155932,1268,0.0402,0.004837,4.407426657676697,4.217744,4.201472,0.039478,1.044973,0.189683,226.88976531424203,237.09358,ok,
model.0,16,even,11,10,31.25,37.5,3155298,1902,0.0602,0.007256,4.407426657676697,4.210751,4.198208,0.03678,1.046708,0.196676,226.88976531424203,237.487318,ok,
model.0,16,even,10,10,37.5,37.5,3155298,1902,0.0602,0.007256,4.407426657676697,4.20503,4.203472,0.01804,1.048132,0.202396,226.88976531424203,237.810416,ok,
model.0,16,even,8,8,50.0,50.0,3154664,2536,0.0803,0.009674,4.407426657676697,4.224854,4.203648,0.051213,1.043214,0.182573,226.88976531424203,236.694589,ok,
model.0,16,even,6,6,62.5,62.5,3154030,3170,0.1004,0.012093,4.407426657676697,4.222785,4.204064,0.040362,1.043725,0.184641,226.88976531424203,236.810531,ok,
model.0,16,even,5,4,68.75,75.0,3153396,3804,0.1205,0.014511,4.407426657676697,4.238234,4.223808,0.039016,1.03992,0.169192,226.88976531424203,235.947305,ok,
model.0,16,even,3,2,81.25,87.5,3152762,4438,0.1406,0.01693,4.407426657676697,4.206185,4.204544,0.014143,1.047844,0.201242,226.88976531424203,237.745133,ok,
model.0,16,even,2,2,87.5,87.5,3152762,4438,0.1406,0.01693,4.407426657676697,4.22558,4.208128,0.044943,1.043035,0.181846,226.88976531424203,236.653889,ok,
model.0,16,even,1,2,93.75,87.5,3152762,4438,0.1406,0.01693,4.407426657676697,4.221153,4.204544,0.050354,1.044129,0.186274,226.88976531424203,236.902093,ok,
model.0,16,odd,16,15,0.0,6.25,3156883,317,0.01,0.001209,4.407426657676697,4.387116,4.489344,0.171793,1.00463,0.02031,226.88976531424203,227.940164,ok,
model.0,16,odd,14,13,12.5,18.75,3156249,951,0.0301,0.003628,4.407426657676697,4.234367,4.220896,0.038888,1.04087,0.17306,226.88976531424203,236.162836,ok,
model.0,16,odd,13,13,18.75,18.75,3156249,951,0.0301,0.003628,4.407426657676697,4.226559,4.214784,0.032117,1.042793,0.180868,226.88976531424203,236.599108,ok,
model.0,16,odd,11,11,31.25,31.25,3155615,1585,0.0502,0.006046,4.407426657676697,4.227826,4.211712,0.03995,1.042481,0.179601,226.88976531424203,236.528176,ok,
model.0,16,odd,10,9,37.5,43.75,3154981,2219,0.0703,0.008465,4.407426657676697,4.200956,4.199232,0.015191,1.049149,0.206471,226.88976531424203,238.041076,ok,
model.0,16,odd,8,7,50.0,56.25,3154347,2853,0.0904,0.010883,4.407426657676697,4.229526,4.213616,0.039654,1.042062,0.177901,226.88976531424203,236.433114,ok,
model.0,16,odd,6,5,62.5,68.75,3153713,3487,0.1104,0.013302,4.407426657676697,4.234236,4.217984,0.040234,1.040902,0.17319,226.88976531424203,236.170088,ok,
model.0,16,odd,5,5,68.75,68.75,3153713,3487,0.1104,0.013302,4.407426657676697,4.230189,4.213616,0.040075,1.041898,0.177237,226.88976531424203,236.396044,ok,
model.0,16,odd,3,3,81.25,81.25,3153079,4121,0.1305,0.01572,4.407426657676697,4.221675,4.220928,0.013386,1.044,0.185752,226.88976531424203,236.872812,ok,
model.0,16,odd,2,1,87.5,93.75,3152445,4755,0.1506,0.018139,4.407426657676697,4.231264,4.21888,0.03484,1.041634,0.176163,226.88976531424203,236.335997,ok,
model.0,16,odd,1,1,93.75,93.75,3152445,4755,0.1506,0.018139,4.407426657676697,4.218413,4.206544,0.034185,1.044807,0.189014,226.88976531424203,237.055985,ok,
model.1,32,any,32,32,0.0,0.0,3157200,0,0.0,0.0,4.407426657676697,4.211495,4.19744,0.037578,1.046523,0.195932,226.88976531424203,237.445383,ok,
model.1,32,any,29,29,9.375,9.375,3156666,534,0.0169,0.002037,4.407426657676697,4.20799,4.200448,0.028728,1.047395,0.199437,226.88976531424203,237.643175,ok,
model.1,32,any,26,26,18.75,18.75,3156132,1068,0.0338,0.004074,4.407426657676697,4.230221,4.211808,0.046458,1.04189,0.177206,226.88976531424203,236.394286,ok,
model.1,32,any,22,22,31.25,31.25,3155420,1780,0.0564,0.00679,4.407426657676697,4.234746,4.217856,0.041077,1.040777,0.172681,226.88976531424203,236.141677,ok,
model.1,32,any,19,19,40.625,40.625,3154886,2314,0.0733,0.008827,4.407426657676697,4.21316,4.21072,0.019223,1.046109,0.194266,226.88976531424203,237.351524,ok,
model.1,32,any,16,16,50.0,50.0,3154352,2848,0.0902,0.010864,4.407426657676697,4.241008,4.224464,0.039088,1.03924,0.166418,226.88976531424203,235.792982,ok,
model.1,32,any,13,13,59.375,59.375,3153818,3382,0.1071,0.012901,4.407426657676697,4.244897,4.232224,0.035033,1.038288,0.16253,226.88976531424203,235.57699,ok,
model.1,32,any,10,10,68.75,68.75,3153284,3916,0.124,0.014938,4.407426657676697,4.249609,4.233216,0.039516,1.037137,0.157818,226.88976531424203,235.315762,ok,
model.1,32,any,6,6,81.25,81.25,3152572,4628,0.1466,0.017654,4.407426657676697,4.210502,4.205648,0.022255,1.04677,0.196925,226.88976531424203,237.501385,ok,
model.1,32,any,3,3,90.625,90.625,3152038,5162,0.1635,0.019691,4.407426657676697,4.244589,4.22616,0.040193,1.038363,0.162837,226.88976531424203,235.594046,ok,
model.1,32,any,1,1,96.875,96.875,3151682,5518,0.1748,0.021049,4.407426657676697,4.218842,4.206608,0.033975,1.044701,0.188585,226.88976531424203,237.03186,ok,
model.1,32,even,32,32,0.0,0.0,3157200,0,0.0,0.0,4.407426657676697,4.22552,4.22416,0.012489,1.043049,0.181906,226.88976531424203,236.65724,ok,
model.1,32,even,29,28,9.375,12.5,3156488,712,0.0226,0.002716,4.407426657676697,4.226457,4.214752,0.035367,1.042818,0.180969,226.88976531424203,236.604781,ok,
model.1,32,even,26,26,18.75,18.75,3156132,1068,0.0338,0.004074,4.407426657676697,4.225961,4.212848,0.040299,1.042941,0.181466,226.88976531424203,236.632575,ok,
model.1,32,even,22,22,31.25,31.25,3155420,1780,0.0564,0.00679,4.407426657676697,4.234991,4.213712,0.055831,1.040717,0.172436,226.88976531424203,236.128009,ok,
model.1,32,even,19,18,40.625,43.75,3154708,2492,0.0789,0.009506,4.407426657676697,4.215475,4.208896,0.025011,1.045535,0.191952,226.88976531424203,237.221216,ok,
model.1,32,even,16,16,50.0,50.0,3154352,2848,0.0902,0.010864,4.407426657676697,4.226558,4.20952,0.038738,1.042793,0.180868,226.88976531424203,236.599132,ok,
model.1,32,even,13,12,59.375,62.5,3153640,3560,0.1128,0.01358,4.407426657676697,4.227614,4.21376,0.035257,1.042533,0.179812,226.88976531424203,236.540033,ok,
model.1,32,even,10,10,68.75,68.75,3153284,3916,0.124,0.014938,4.407426657676697,4.225028,4.209664,0.039188,1.043171,0.182399,226.88976531424203,236.684813,ok,
model.1,32,even,6,6,81.25,81.25,3152572,4628,0.1466,0.017654,4.407426657676697,4.217697,4.215808,0.014052,1.044984,0.189729,226.88976531424203,237.096194,ok,
model.1,32,even,3,2,90.625,93.75,3151860,5340,0.1691,0.02037,4.407426657676697,4.238172,4.21888,0.042963,1.039936,0.169255,226.88976531424203,235.95081,ok,
model.1,32,even,1,2,96.875,93.75,3151860,5340,0.1691,0.02037,4.407426657676697,4.236555,4.219904,0.03914,1.040333,0.170872,226.88976531424203,236.040853,ok,
model.1,32,odd,32,31,0.0,3.125,3157022,178,0.0056,0.000679,4.407426657676697,4.228952,4.214784,0.037386,1.042203,0.178475,226.88976531424203,236.465198,ok,
model.1,32,odd,29,29,9.375,9.375,3156666,534,0.0169,0.002037,4.407426657676697,4.211746,4.211392,0.011866,1.046461,0.195681,226.88976531424203,237.431226,ok,
model.1,32,odd,26,25,18.75,21.875,3155954,1246,0.0395,0.004753,4.407426657676697,4.230073,4.215968,0.035896,1.041927,0.177353,226.88976531424203,236.402518,ok,
model.1,32,odd,22,21,31.25,34.375,3155242,1958,0.062,0.007469,4.407426657676697,4.230531,4.216832,0.035849,1.041814,0.176896,226.88976531424203,236.376942,ok,
model.1,32,odd,19,19,40.625,40.625,3154886,2314,0.0733,0.008827,4.407426657676697,4.239305,4.22352,0.045475,1.039658,0.168122,226.88976531424203,235.887723,ok,
model.1,32,odd,16,15,50.0,53.125,3154174,3026,0.0958,0.011543,4.407426657676697,4.219049,4.211664,0.029439,1.044649,0.188378,226.88976531424203,237.020265,ok,
model.1,32,odd,13,13,59.375,59.375,3153818,3382,0.1071,0.012901,4.407426657676697,4.228612,4.21472,0.039856,1.042287,0.178814,226.88976531424203,236.484196,ok,
model.1,32,odd,10,9,68.75,71.875,3153106,4094,0.1297,0.015617,4.407426657676697,4.217487,4.201648,0.038585,1.045036,0.18994,226.88976531424203,237.108026,ok,
model.1,32,odd,6,5,81.25,84.375,3152394,4806,0.1522,0.018333,4.407426657676697,4.215055,4.21376,0.017059,1.045639,0.192372,226.88976531424203,237.244856,ok,
model.1,32,odd,3,3,90.625,90.625,3152038,5162,0.1635,0.019691,4.407426657676697,4.246402,4.229408,0.039707,1.03792,0.161025,226.88976531424203,235.493494,ok,
model.1,32,odd,1,1,96.875,96.875,3151682,5518,0.1748,0.021049,4.407426657676697,4.230357,4.216064,0.038463,1.041857,0.17707,226.88976531424203,236.386693,ok,
model.2.cv2,32,any,32,32,0.0,0.0,3157200,0,0.0,0.0,4.407426657676697,4.245753,4.2252,0.044498,1.038079,0.161674,226.88976531424203,235.529489,ok,
model.2.cv2,32,any,29,29,9.375,9.375,3155322,1878,0.0595,0.007164,4.407426657676697,4.225818,4.224,0.01237,1.042976,0.181609,226.88976531424203,236.640573,ok,
model.2.cv2,32,any,26,26,18.75,18.75,3153444,3756,0.119,0.014328,4.407426657676697,4.230391,4.214352,0.040363,1.041848,0.177035,226.88976531424203,236.384744,ok,
model.2.cv2,32,any,22,22,31.25,31.25,3150940,6260,0.1983,0.02388,4.407426657676697,4.257642,4.243456,0.038373,1.03518,0.149785,226.88976531424203,234.871807,ok,
model.2.cv2,32,any,19,19,40.625,40.625,3149062,8138,0.2578,0.031044,4.407426657676697,4.499709,4.515056,0.104775,0.979491,-0.092282,226.88976531424203,222.236588,ok,
model.2.cv2,32,any,16,16,50.0,50.0,3147184,10016,0.3172,0.038208,4.407426657676697,4.214084,4.213168,0.010989,1.04588,0.193343,226.88976531424203,237.299515,ok,
model.2.cv2,32,any,13,13,59.375,59.375,3145306,11894,0.3767,0.045372,4.407426657676697,4.242968,4.226032,0.039918,1.03876,0.164458,226.88976531424203,235.684054,ok,
model.2.cv2,32,any,10,10,68.75,68.75,3143428,13772,0.4362,0.052536,4.407426657676697,4.249829,4.234112,0.045758,1.037083,0.157597,226.88976531424203,235.303573,ok,
model.2.cv2,32,any,6,6,81.25,81.25,3140924,16276,0.5155,0.062088,4.407426657676697,4.25565,4.247552,0.030317,1.035665,0.151776,226.88976531424203,234.981717,ok,
model.2.cv2,32,any,3,3,90.625,90.625,3139046,18154,0.575,0.069252,4.407426657676697,4.273461,4.25728,0.040302,1.031348,0.133965,226.88976531424203,234.002345,ok,
model.2.cv2,32,any,1,1,96.875,96.875,3137794,19406,0.6147,0.074028,4.407426657676697,4.240629,4.227344,0.036893,1.039333,0.166798,226.88976531424203,235.814067,ok,
model.2.cv2,32,even,32,32,0.0,0.0,3157200,0,0.0,0.0,4.407426657676697,4.245234,4.229152,0.037832,1.038206,0.162192,226.88976531424203,235.558262,ok,
model.2.cv2,32,even,29,28,9.375,12.5,3154696,2504,0.0793,0.009552,4.407426657676697,4.219202,4.212736,0.027466,1.044611,0.188224,226.88976531424203,237.011624,ok,
model.2.cv2,32,even,26,26,18.75,18.75,3153444,3756,0.119,0.014328,4.407426657676697,4.251091,4.233616,0.041195,1.036775,0.156335,226.88976531424203,235.23372,ok,
model.2.cv2,32,even,22,22,31.25,31.25,3150940,6260,0.1983,0.02388,4.407426657676697,4.23459,4.221952,0.035233,1.040816,0.172837,226.88976531424203,236.150391,ok,
model.2.cv2,32,even,19,18,40.625,43.75,3148436,8764,0.2776,0.033432,4.407426657676697,4.261129,4.249584,0.035225,1.034333,0.146297,226.88976531424203,234.679573,ok,
model.2.cv2,32,even,16,16,50.0,50.0,3147184,10016,0.3172,0.038208,4.407426657676697,4.238131,4.233824,0.021492,1.039946,0.169295,226.88976531424203,235.953049,ok,
model.2.cv2,32,even,13,12,59.375,62.5,3144680,12520,0.3966,0.04776,4.407426657676697,4.264911,4.253328,0.035001,1.033416,0.142516,226.88976531424203,234.471474,ok,
model.2.cv2,32,even,10,10,68.75,68.75,3143428,13772,0.4362,0.052536,4.407426657676697,4.251557,4.236256,0.037706,1.036662,0.155869,226.88976531424203,235.207924,ok,
model.2.cv2,32,even,6,6,81.25,81.25,3140924,16276,0.5155,0.062088,4.407426657676697,4.263783,4.250688,0.03767,1.033689,0.143643,226.88976531424203,234.533491,ok,
model.2.cv2,32,even,3,2,90.625,93.75,3138420,18780,0.5948,0.07164,4.407426657676697,4.244946,4.22792,0.04407,1.038276,0.16248,226.88976531424203,235.574243,ok,
model.2.cv2,32,even,1,2,96.875,93.75,3138420,18780,0.5948,0.07164,4.407426657676697,4.246701,4.232544,0.036137,1.037847,0.160726,226.88976531424203,235.476926,ok,
model.2.cv2,32,odd,32,31,0.0,3.125,3156574,626,0.0198,0.002388,4.407426657676697,4.241016,4.22552,0.038966,1.039238,0.16641,226.88976531424203,235.792544,ok,
model.2.cv2,32,odd,29,29,9.375,9.375,3155322,1878,0.0595,0.007164,4.407426657676697,4.245021,4.242432,0.019607,1.038258,0.162405,226.88976531424203,235.57007,ok,
model.2.cv2,32,odd,26,25,18.75,21.875,3152818,4382,0.1388,0.016716,4.407426657676697,4.425021,4.5152,0.177682,0.996024,-0.017594,226.88976531424203,225.987638,ok,
model.2.cv2,32,odd,22,21,31.25,34.375,3150314,6886,0.2181,0.026268,4.407426657676697,4.257593,4.241216,0.040752,1.035192,0.149834,226.88976531424203,234.874507,ok,
model.2.cv2,32,odd,19,19,40.625,40.625,3149062,8138,0.2578,0.031044,4.407426657676697,4.508556,4.533216,0.122739,0.977569,-0.10113,226.88976531424203,221.800493,ok,
model.2.cv2,32,odd,16,15,50.0,53.125,3146558,10642,0.3371,0.040596,4.407426657676697,4.239589,4.238816,0.013466,1.039588,0.167838,226.88976531424203,235.871932,ok,
model.2.cv2,32,odd,13,13,59.375,59.375,3145306,11894,0.3767,0.045372,4.407426657676697,4.243916,4.230144,0.036835,1.038528,0.16351,226.88976531424203,235.631417,ok,
model.2.cv2,32,odd,10,9,68.75,71.875,3142802,14398,0.456,0.054924,4.407426657676697,4.251024,4.23928,0.035626,1.036792,0.156403,226.88976531424203,235.237446,ok,
model.2.cv2,32,odd,6,5,81.25,84.375,3140298,16902,0.5353,0.064476,4.407426657676697,4.257136,4.245248,0.035356,1.035303,0.150291,226.88976531424203,234.899719,ok,
model.2.cv2,32,odd,3,3,90.625,90.625,3139046,18154,0.575,0.069252,4.407426657676697,4.252338,4.243536,0.032612,1.036471,0.155089,226.88976531424203,235.164749,ok,
model.2.cv2,32,odd,1,1,96.875,96.875,3137794,19406,0.6147,0.074028,4.407426657676697,4.252052,4.240384,0.031997,1.036541,0.155375,226.88976531424203,235.180564,ok,
model.2.cv1,16,any,16,16,0.0,0.0,3157200,0,0.0,0.0,4.407426657676697,4.241953,4.227072,0.041157,1.039009,0.165474,226.88976531424203,235.740479,ok,
model.2.cv1,16,any,14,14,12.5,12.5,3155784,1416,0.0448,0.005402,4.407426657676697,4.229654,4.228144,0.012478,1.04203,0.177773,226.88976531424203,236.425978,ok,
model.2.cv1,16,any,13,13,18.75,18.75,3155130,2070,0.0656,0.007896,4.407426657676697,4.26658,4.2496,0.040891,1.033012,0.140847,226.88976531424203,234.379758,ok,
model.2.cv1,16,any,11,11,31.25,31.25,3153930,3270,0.1036,0.012474,4.407426657676697,4.259046,4.246096,0.036991,1.034839,0.14838,226.88976531424203,234.794355,ok,
model.2.cv1,16,any,10,10,37.5,37.5,3153384,3816,0.1209,0.014557,4.407426657676697,4.269393,4.248992,0.045792,1.032331,0.138034,226.88976531424203,234.22536,ok,
model.2.cv1,16,any,8,8,50.0,50.0,3152400,4800,0.152,0.018311,4.407426657676697,4.235638,4.23424,0.012679,1.040558,0.171789,226.88976531424203,236.09195,ok,
model.2.cv1,16,any,6,6,62.5,62.5,3151560,5640,0.1786,0.021515,4.407426657676697,4.259553,4.243504,0.039509,1.034716,0.147874,226.88976531424203,234.766432,ok,
model.2.cv1,16,any,5,5,68.75,68.75,3151194,6006,0.1902,0.022911,4.407426657676697,4.460877,4.543136,0.15884,0.988018,-0.05345,226.88976531424203,224.171183,ok,
model.2.cv1,16,any,3,3,81.25,81.25,3150570,6630,0.21,0.025291,4.407426657676697,4.355726,4.310016,0.131872,1.01187,0.051701,226.88976531424203,229.582877,ok,
model.2.cv1,16,any,2,2,87.5,87.5,3150312,6888,0.2182,0.026276,4.407426657676697,4.236163,4.231376,0.023634,1.040429,0.171264,226.88976531424203,236.062701,ok,
model.2.cv1,16,any,1,1,93.75,93.75,3150090,7110,0.2252,0.027122,4.407426657676697,4.488899,4.521872,0.138214,0.98185,-0.081472,226.88976531424203,222.771791,ok,
model.2.cv1,16,even,16,16,0.0,0.0,3157200,0,0.0,0.0,4.407426657676697,4.250962,4.234256,0.04066,1.036807,0.156465,226.88976531424203,235.240893,ok,
model.2.cv1,16,even,14,14,12.5,12.5,3155784,1416,0.0448,0.005402,4.407426657676697,4.242102,4.242192,0.012704,1.038972,0.165324,226.88976531424203,235.732175,ok,
model.2.cv1,16,even,13,12,18.75,25.0,3154512,2688,0.0851,0.010254,4.407426657676697,4.253744,4.238336,0.041756,1.036129,0.153682,226.88976531424203,235.086996,ok,
model.2.cv1,16,even,11,10,31.25,37.5,3153384,3816,0.1209,0.014557,4.407426657676697,4.250362,4.23752,0.034017,1.036953,0.157064,226.88976531424203,235.274064,ok,
model.2.cv1,16,even,10,10,37.5,37.5,3153384,3816,0.1209,0.014557,4.407426657676697,4.257957,4.243456,0.040108,1.035104,0.14947,226.88976531424203,234.854427,ok,
model.2.cv1,16,even,8,8,50.0,50.0,3152400,4800,0.152,0.018311,4.407426657676697,4.335029,4.24048,0.145434,1.016701,0.072398,226.88976531424203,230.678975,ok,
model.2.cv1,16,even,6,6,62.5,62.5,3151560,5640,0.1786,0.021515,4.407426657676697,4.255144,4.23936,0.039048,1.035788,0.152282,226.88976531424203,235.009656,ok,
model.2.cv1,16,even,5,4,68.75,75.0,3150864,6336,0.2007,0.02417,4.407426657676697,4.250992,4.237824,0.03451,1.0368,0.156435,226.88976531424203,235.239223,ok,
model.2.cv1,16,even,3,2,81.25,87.5,3150312,6888,0.2182,0.026276,4.407426657676697,4.237273,4.22488,0.034906,1.040156,0.170153,226.88976531424203,236.000816,ok,
model.2.cv1,16,even,2,2,87.5,87.5,3150312,6888,0.2182,0.026276,4.407426657676697,4.221059,4.219984,0.011133,1.044152,0.186368,226.88976531424203,236.907379,ok,
model.2.cv1,16,even,1,2,93.75,87.5,3150312,6888,0.2182,0.026276,4.407426657676697,4.251701,4.239536,0.034438,1.036627,0.155726,226.88976531424203,235.199976,ok,
model.2.cv1,16,odd,16,15,0.0,6.25,3156474,726,0.023,0.002769,4.407426657676697,4.381872,4.247552,0.189888,1.005832,0.025554,226.88976531424203,228.212948,ok,
model.2.cv1,16,odd,14,13,12.5,18.75,3155130,2070,0.0656,0.007896,4.407426657676697,4.238678,4.236176,0.017258,1.039812,0.168749,226.88976531424203,235.922635,ok,
model.2.cv1,16,odd,13,13,18.75,18.75,3155130,2070,0.0656,0.007896,4.407426657676697,4.260349,4.243664,0.041836,1.034522,0.147078,226.88976531424203,234.722547,ok,
model.2.cv1,16,odd,11,11,31.25,31.25,3153930,3270,0.1036,0.012474,4.407426657676697,4.258132,4.246528,0.033542,1.035061,0.149295,226.88976531424203,234.84479,ok,
model.2.cv1,16,odd,10,9,37.5,43.75,3152874,4326,0.137,0.016502,4.407426657676697,4.440618,4.537728,0.175005,0.992525,-0.033192,226.88976531424203,225.19387,ok,
model.2.cv1,16,odd,8,7,50.0,56.25,3151962,5238,0.1659,0.019981,4.407426657676697,4.264613,4.263936,0.014351,1.033488,0.142813,226.88976531424203,234.487847,ok,
model.2.cv1,16,odd,6,5,62.5,68.75,3151194,6006,0.1902,0.022911,4.407426657676697,4.260806,4.242944,0.045914,1.034411,0.14662,226.88976531424203,234.697363,ok,
model.2.cv1,16,odd,5,5,68.75,68.75,3151194,6006,0.1902,0.022911,4.407426657676697,4.270616,4.255552,0.040459,1.032035,0.136811,226.88976531424203,234.158281,ok,
model.2.cv1,16,odd,3,3,81.25,81.25,3150570,6630,0.21,0.025291,4.407426657676697,4.251572,4.237344,0.038478,1.036658,0.155855,226.88976531424203,235.207128,ok,
model.2.cv1,16,odd,2,1,87.5,93.75,3150090,7110,0.2252,0.027122,4.407426657676697,4.219413,4.218848,0.011425,1.044559,0.188014,226.88976531424203,236.999809,ok,
model.2.cv1,16,odd,1,1,93.75,93.75,3150090,7110,0.2252,0.027122,4.407426657676697,4.237423,4.224,0.035575,1.04012,0.170004,226.88976531424203,235.992492,ok,
model.2.m.0.cv1,16,any,16,16,0.0,0.0,3157200,0,0.0,0.0,4.407426657676697,4.251289,4.233296,0.05015,1.036727,0.156138,226.88976531424203,235.222779,ok,
model.2.m.0.cv1,16,any,14,14,12.5,12.5,3156620,580,0.0184,0.002213,4.407426657676697,4.255093,4.245424,0.033989,1.0358,0.152333,226.88976531424203,235.012477,ok,
model.2.m.0.cv1,16,any,13,13,18.75,18.75,3156330,870,0.0276,0.003319,4.407426657676697,4.259882,4.24136,0.04471,1.034636,0.147545,226.88976531424203,234.748296,ok,
model.2.m.0.cv1,16,any,11,11,31.25,31.25,3155750,1450,0.0459,0.005531,4.407426657676697,4.24509,4.231424,0.036542,1.038241,0.162337,226.88976531424203,235.566266,ok,
model.2.m.0.cv1,16,any,10,10,37.5,37.5,3155460,1740,0.0551,0.006638,4.407426657676697,4.278648,4.261424,0.043002,1.030098,0.128778,226.88976531424203,233.718677,ok,
model.2.m.0.cv1,16,any,8,8,50.0,50.0,3154880,2320,0.0735,0.00885,4.407426657676697,4.262698,4.262336,0.012752,1.033952,0.144729,226.88976531424203,234.593225,ok,
model.2.m.0.cv1,16,any,6,6,62.5,62.5,3154300,2900,0.0919,0.011063,4.407426657676697,4.27636,4.26184,0.037823,1.030649,0.131066,226.88976531424203,233.843713,ok,
model.2.m.0.cv1,16,any,5,5,68.75,68.75,3154010,3190,0.101,0.012169,4.407426657676697,4.27648,4.2628,0.03659,1.03062,0.130947,226.88976531424203,233.837175,ok,
model.2.m.0.cv1,16,any,3,3,81.25,81.25,3153430,3770,0.1194,0.014381,4.407426657676697,4.596396,4.573296,0.050688,0.958887,-0.18897,226.88976531424203,217.561751,ok,
model.2.m.0.cv1,16,any,2,2,87.5,87.5,3153140,4060,0.1286,0.015488,4.407426657676697,4.221106,4.21984,0.013363,1.04414,0.186321,226.88976531424203,236.904763,ok,
model.2.m.0.cv1,16,any,1,1,93.75,93.75,3152850,4350,0.1378,0.016594,4.407426657676697,4.241815,4.228096,0.038892,1.039043,0.165611,226.88976531424203,235.748121,ok,
model.2.m.0.cv1,16,even,16,16,0.0,0.0,3157200,0,0.0,0.0,4.407426657676697,4.259198,4.242448,0.048251,1.034802,0.148228,226.88976531424203,234.785969,ok,
model.2.m.0.cv1,16,even,14,14,12.5,12.5,3156620,580,0.0184,0.002213,4.407426657676697,4.252431,4.240128,0.035185,1.036449,0.154996,226.88976531424203,235.159599,ok,
model.2.m.0.cv1,16,even,13,12,18.75,25.0,3156040,1160,0.0367,0.004425,4.407426657676697,4.251236,4.246528,0.026942,1.03674,0.156191,226.88976531424203,235.225717,ok,
model.2.m.0.cv1,16,even,11,10,31.25,37.5,3155460,1740,0.0551,0.006638,4.407426657676697,4.520114,4.54656,0.132793,0.97507,-0.112687,226.88976531424203,221.233378,ok,
model.2.m.0.cv1,16,even,10,10,37.5,37.5,3155460,1740,0.0551,0.006638,4.407426657676697,4.252337,4.235712,0.038745,1.036472,0.15509,226.88976531424203,235.164831,ok,
model.2.m.0.cv1,16,even,8,8,50.0,50.0,3154880,2320,0.0735,0.00885,4.407426657676697,4.250854,4.250624,0.012003,1.036833,0.156572,226.88976531424203,235.246825,ok,
model.2.m.0.cv1,16,even,6,6,62.5,62.5,3154300,2900,0.0919,0.011063,4.407426657676697,4.485084,4.542976,0.155244,0.982685,-0.077657,226.88976531424203,222.961267,ok,
model.2.m.0.cv1,16,even,5,4,68.75,75.0,3153720,3480,0.1102,0.013275,4.407426657676697,4.261653,4.248416,0.036359,1.034206,0.145773,226.88976531424203,234.650709,ok,
model.2.m.0.cv1,16,even,3,2,81.25,87.5,3153140,4060,0.1286,0.015488,4.407426657676697,4.294013,4.241248,0.102497,1.026412,0.113413,226.88976531424203,232.88237,ok,
model.2.m.0.cv1,16,even,2,2,87.5,87.5,3153140,4060,0.1286,0.015488,4.407426657676697,4.455478,4.525104,0.140599,0.989215,-0.048052,226.88976531424203,224.44279,ok,
model.2.m.0.cv1,16,even,1,2,93.75,87.5,3153140,4060,0.1286,0.015488,4.407426657676697,4.558923,4.542464,0.041545,0.966769,-0.151496,226.88976531424203,219.350069,ok,
model.2.m.0.cv1,16,odd,16,15,0.0,6.25,3156910,290,0.0092,0.001106,4.407426657676697,4.262188,4.243456,0.052958,1.034076,0.145239,226.88976531424203,234.621305,ok,
model.2.m.0.cv1,16,odd,14,13,12.5,18.75,3156330,870,0.0276,0.003319,4.407426657676697,4.230989,4.23032,0.013328,1.041701,0.176438,226.88976531424203,236.351377,ok,
model.2.m.0.cv1,16,odd,13,13,18.75,18.75,3156330,870,0.0276,0.003319,4.407426657676697,4.250927,4.233376,0.045196,1.036816,0.1565,226.88976531424203,235.242829,ok,
model.2.m.0.cv1,16,odd,11,11,31.25,31.25,3155750,1450,0.0459,0.005531,4.407426657676697,4.268306,4.251584,0.040196,1.032594,0.139121,226.88976531424203,234.284994,ok,
model.2.m.0.cv1,16,odd,10,9,37.5,43.75,3155170,2030,0.0643,0.007744,4.407426657676697,4.455241,4.554592,0.190973,0.989268,-0.047814,226.88976531424203,224.454745,ok,
model.2.m.0.cv1,16,odd,8,7,50.0,56.25,3154590,2610,0.0827,0.009956,4.407426657676697,4.238429,4.238368,0.013991,1.039873,0.168997,226.88976531424203,235.936451,ok,
model.2.m.0.cv1,16,odd,6,5,62.5,68.75,3154010,3190,0.101,0.012169,4.407426657676697,4.259858,4.24152,0.042591,1.034642,0.147568,226.88976531424203,234.74959,ok,
model.2.m.0.cv1,16,odd,5,5,68.75,68.75,3154010,3190,0.101,0.012169,4.407426657676697,4.263951,4.251648,0.036564,1.033649,0.143476,226.88976531424203,234.524286,ok,
model.2.m.0.cv1,16,odd,3,3,81.25,81.25,3153430,3770,0.1194,0.014381,4.407426657676697,4.267886,4.251616,0.040106,1.032695,0.13954,226.88976531424203,234.308029,ok,
model.2.m.0.cv1,16,odd,2,1,87.5,93.75,3152850,4350,0.1378,0.016594,4.407426657676697,4.240903,4.239376,0.013062,1.039266,0.166524,226.88976531424203,235.798854,ok,
model.2.m.0.cv1,16,odd,1,1,93.75,93.75,3152850,4350,0.1378,0.016594,4.407426657676697,4.37124,4.242432,0.176378,1.008278,0.036187,226.88976531424203,228.768061,ok,
model.2.m.0.cv2,16,any,16,16,0.0,0.0,3157200,0,0.0,0.0,4.407426657676697,4.239959,4.224016,0.043941,1.039497,0.167467,226.88976531424203,235.851323,ok,
model.2.m.0.cv2,16,any,14,14,12.5,12.5,3156844,356,0.0113,0.001358,4.407426657676697,4.234023,4.220976,0.036342,1.040955,0.173404,226.88976531424203,236.182005,ok,
model.2.m.0.cv2,16,any,13,13,18.75,18.75,3156666,534,0.0169,0.002037,4.407426657676697,4.228457,4.222976,0.022797,1.042325,0.17897,226.88976531424203,236.4929,ok,
model.2.m.0.cv2,16,any,11,11,31.25,31.25,3156310,890,0.0282,0.003395,4.407426657676697,4.250546,4.236288,0.036128,1.036908,0.156881,226.88976531424203,235.263892,ok,
model.2.m.0.cv2,16,any,10,10,37.5,37.5,3156132,1068,0.0338,0.004074,4.407426657676697,4.251088,4.235264,0.039011,1.036776,0.156339,226.88976531424203,235.233898,ok,
model.2.m.0.cv2,16,any,8,8,50.0,50.0,3155776,1424,0.0451,0.005432,4.407426657676697,4.251524,4.248576,0.018863,1.03667,0.155902,226.88976531424203,235.209759,ok,
model.2.m.0.cv2,16,any,6,6,62.5,62.5,3155420,1780,0.0564,0.00679,4.407426657676697,4.256995,4.238336,0.043411,1.035337,0.150431,226.88976531424203,234.907471,ok,
model.2.m.0.cv2,16,any,5,5,68.75,68.75,3155242,1958,0.062,0.007469,4.407426657676697,4.253932,4.240512,0.035314,1.036083,0.153495,226.88976531424203,235.076651,ok,
model.2.m.0.cv2,16,any,3,3,81.25,81.25,3154886,2314,0.0733,0.008827,4.407426657676697,4.557385,4.53952,0.040802,0.967096,-0.149958,226.88976531424203,219.42408,ok,
model.2.m.0.cv2,16,any,2,2,87.5,87.5,3154708,2492,0.0789,0.009506,4.407426657676697,4.225703,4.225792,0.012116,1.043004,0.181724,226.88976531424203,236.647037,ok,
model.2.m.0.cv2,16,any,1,1,93.75,93.75,3154530,2670,0.0846,0.010185,4.407426657676697,4.228365,4.215808,0.034734,1.042348,0.179062,226.88976531424203,236.498037,ok,
model.2.m.0.cv2,16,even,16,16,0.0,0.0,3157200,0,0.0,0.0,4.407426657676697,4.24336,4.22504,0.051884,1.038664,0.164067,226.88976531424203,235.6623,ok,
model.2.m.0.cv2,16,even,14,14,12.5,12.5,3156844,356,0.0113,0.001358,4.407426657676697,4.538374,4.527584,0.037455,0.971147,-0.130948,226.88976531424203,220.343219,ok,
model.2.m.0.cv2,16,even,13,12,18.75,25.0,3156488,712,0.0226,0.002716,4.407426657676697,4.276156,4.259792,0.041025,1.030698,0.131271,226.88976531424203,233.854906,ok,
model.2.m.0.cv2,16,even,11,10,31.25,37.5,3156132,1068,0.0338,0.004074,4.407426657676697,4.255545,4.241408,0.0365,1.03569,0.151881,226.88976531424203,234.987519,ok,
model.2.m.0.cv2,16,even,10,10,37.5,37.5,3156132,1068,0.0338,0.004074,4.407426657676697,4.2737,4.256768,0.040485,1.031291,0.133726,226.88976531424203,233.989268,ok,
model.2.m.0.cv2,16,even,8,8,50.0,50.0,3155776,1424,0.0451,0.005432,4.407426657676697,4.236278,4.235264,0.012503,1.040401,0.171148,226.88976531424203,236.056257,ok,
model.2.m.0.cv2,16,even,6,6,62.5,62.5,3155420,1780,0.0564,0.00679,4.407426657676697,4.250486,4.236288,0.039355,1.036923,0.156941,226.88976531424203,235.267238,ok,
model.2.m.0.cv2,16,even,5,4,68.75,75.0,3155064,2136,0.0677,0.008148,4.407426657676697,4.248553,4.234768,0.037913,1.037395,0.158873,226.88976531424203,235.374234,ok,
model.2.m.0.cv2,16,even,3,2,81.25,87.5,3154708,2492,0.0789,0.009506,4.407426657676697,4.236366,4.219984,0.040491,1.040379,0.17106,226.88976531424203,236.05136,ok,
model.2.m.0.cv2,16,even,2,2,87.5,87.5,3154708,2492,0.0789,0.009506,4.407426657676697,4.209338,4.207616,0.01529,1.047059,0.198089,226.88976531424203,237.567052,ok,
model.2.m.0.cv2,16,even,1,2,93.75,87.5,3154708,2492,0.0789,0.009506,4.407426657676697,4.240321,4.22896,0.034076,1.039409,0.167106,226.88976531424203,235.831211,ok,
model.2.m.0.cv2,16,odd,16,15,0.0,6.25,3157022,178,0.0056,0.000679,4.407426657676697,4.23549,4.223792,0.035362,1.040594,0.171937,226.88976531424203,236.10019,ok,
model.2.m.0.cv2,16,odd,14,13,12.5,18.75,3156666,534,0.0169,0.002037,4.407426657676697,4.223236,4.221952,0.014486,1.043614,0.184191,226.88976531424203,236.785248,ok,
model.2.m.0.cv2,16,odd,13,13,18.75,18.75,3156666,534,0.0169,0.002037,4.407426657676697,4.475221,4.51584,0.159402,0.984851,-0.067794,226.88976531424203,223.452661,ok,
model.2.m.0.cv2,16,odd,11,11,31.25,31.25,3156310,890,0.0282,0.003395,4.407426657676697,4.256932,4.244432,0.035106,1.035353,0.150495,226.88976531424203,234.910985,ok,
model.2.m.0.cv2,16,odd,10,9,37.5,43.75,3155954,1246,0.0395,0.004753,4.407426657676697,4.254297,4.237408,0.041973,1.035994,0.153129,226.88976531424203,235.056441,ok,
model.2.m.0.cv2,16,odd,8,7,50.0,56.25,3155598,1602,0.0507,0.006111,4.407426657676697,4.239329,4.237904,0.01528,1.039652,0.168098,226.88976531424203,235.886383,ok,
model.2.m.0.cv2,16,odd,6,5,62.5,68.75,3155242,1958,0.062,0.007469,4.407426657676697,4.264742,4.248576,0.040793,1.033457,0.142685,226.88976531424203,234.480786,ok,
model.2.m.0.cv2,16,odd,5,5,68.75,68.75,3155242,1958,0.062,0.007469,4.407426657676697,4.251642,4.23936,0.034521,1.036641,0.155785,226.88976531424203,235.203239,ok,
model.2.m.0.cv2,16,odd,3,3,81.25,81.25,3154886,2314,0.0733,0.008827,4.407426657676697,4.438879,4.538368,0.171193,0.992914,-0.031452,226.88976531424203,225.282124,ok,
model.2.m.0.cv2,16,odd,2,1,87.5,93.75,3154530,2670,0.0846,0.010185,4.407426657676697,4.227764,4.226048,0.012551,1.042496,0.179662,226.88976531424203,236.53163,ok,
model.2.m.0.cv2,16,odd,1,1,93.75,93.75,3154530,2670,0.0846,0.010185,4.407426657676697,4.235598,4.222976,0.036291,1.040568,0.171829,226.88976531424203,236.094185,ok,
model.3,64,any,64,64,0.0,0.0,3157200,0,0.0,0.0,4.407426657676697,4.250799,4.237312,0.037129,1.036847,0.156628,226.88976531424203,235.249895,ok,
model.3,64,any,58,58,9.375,9.375,3155076,2124,0.0673,0.008102,4.407426657676697,4.255469,4.242176,0.036315,1.035709,0.151957,226.88976531424203,234.991701,ok,
model.3,64,any,51,51,20.3125,20.3125,3152598,4602,0.1458,0.017555,4.407426657676697,4.246835,4.233312,0.043492,1.037814,0.160592,226.88976531424203,235.469468,ok,
model.3,64,any,45,45,29.6875,29.6875,3150474,6726,0.213,0.025658,4.407426657676697,4.261435,4.245504,0.04028,1.034259,0.145992,226.88976531424203,234.662756,ok,
model.3,64,any,38,38,40.625,40.625,3147996,9204,0.2915,0.03511,4.407426657676697,4.26794,4.2496,0.039907,1.032682,0.139487,226.88976531424203,234.305077,ok,
model.3,64,any,32,32,50.0,50.0,3145872,11328,0.3588,0.043213,4.407426657676697,4.245226,4.24448,0.012596,1.038208,0.162201,226.88976531424203,235.558736,ok,
model.3,64,any,26,26,59.375,59.375,3143748,13452,0.4261,0.051315,4.407426657676697,4.25109,4.235264,0.037316,1.036776,0.156337,226.88976531424203,235.233792,ok,
model.3,64,any,19,19,70.3125,70.3125,3141270,15930,0.5046,0.060768,4.407426657676697,4.270154,4.259376,0.035956,1.032147,0.137273,226.88976531424203,234.183596,ok,
model.3,64,any,13,13,79.6875,79.6875,3139146,18054,0.5718,0.068871,4.407426657676697,4.260971,4.243024,0.043376,1.034371,0.146456,226.88976531424203,234.688285,ok,
model.3,64,any,6,6,90.625,90.625,3136668,20532,0.6503,0.078323,4.407426657676697,4.253555,4.2496,0.022108,1.036175,0.153871,226.88976531424203,235.097454,ok,
model.3,64,any,1,1,98.4375,98.4375,3134898,22302,0.7064,0.085075,4.407426657676697,4.251405,4.232192,0.043176,1.036699,0.156022,226.88976531424203,235.216381,ok,
model.3,64,even,64,64,0.0,0.0,3157200,0,0.0,0.0,4.407426657676697,4.259047,4.247424,0.035805,1.034839,0.14838,226.88976531424203,234.794337,ok,
model.3,64,even,58,58,9.375,9.375,3155076,2124,0.0673,0.008102,4.407426657676697,4.255358,4.241968,0.038435,1.035736,0.152068,226.88976531424203,234.997839,ok,
model.3,64,even,51,50,20.3125,21.875,3152244,4956,0.157,0.018906,4.407426657676697,4.250393,4.247552,0.021373,1.036946,0.157034,226.88976531424203,235.272364,ok,
model.3,64,even,45,44,29.6875,31.25,3150120,7080,0.2242,0.027008,4.407426657676697,4.259261,4.245504,0.036435,1.034787,0.148166,226.88976531424203,234.782536,ok,
model.3,64,even,38,38,40.625,40.625,3147996,9204,0.2915,0.03511,4.407426657676697,4.275786,4.25968,0.038406,1.030787,0.13164,226.88976531424203,233.875103,ok,
model.3,64,even,32,32,50.0,50.0,3145872,11328,0.3588,0.043213,4.407426657676697,4.258828,4.252672,0.028125,1.034892,0.148598,226.88976531424203,234.806369,ok,
model.3,64,even,26,26,59.375,59.375,3143748,13452,0.4261,0.051315,4.407426657676697,4.40852,4.275616,0.172419,0.999752,-0.001094,226.88976531424203,226.833479,ok,
model.3,64,even,19,18,70.3125,71.875,3140916,16284,0.5158,0.062119,4.407426657676697,4.252983,4.239872,0.036609,1.036314,0.154443,226.88976531424203,235.12906,ok,
model.3,64,even,13,12,79.6875,81.25,3138792,18408,0.583,0.070221,4.407426657676697,4.261088,4.246,0.038184,1.034343,0.146338,226.88976531424203,234.681829,ok,
model.3,64,even,6,6,90.625,90.625,3136668,20532,0.6503,0.078323,4.407426657676697,4.243593,4.241568,0.016804,1.038607,0.163833,226.88976531424203,235.649351,ok,
model.3,64,even,1,2,98.4375,96.875,3135252,21948,0.6952,0.083725,4.407426657676697,4.271468,4.255584,0.040043,1.03183,0.135959,226.88976531424203,234.111554,ok,
model.3,64,odd,64,63,0.0,1.5625,3156846,354,0.0112,0.00135,4.407426657676697,4.260892,4.24944,0.035059,1.034391,0.146535,226.88976531424203,234.692633,ok,
model.3,64,odd,58,57,9.375,10.9375,3154722,2478,0.0785,0.009453,4.407426657676697,4.257688,4.239232,0.048466,1.035169,0.149738,226.88976531424203,234.869235,ok,
model.3,64,odd,51,51,20.3125,20.3125,3152598,4602,0.1458,0.017555,4.407426657676697,4.235854,4.235216,0.014107,1.040505,0.171572,226.88976531424203,236.079886,ok,
model.3,64,odd,45,45,29.6875,29.6875,3150474,6726,0.213,0.025658,4.407426657676697,4.251172,4.238336,0.036548,1.036756,0.156255,226.88976531424203,235.229247,ok,
model.3,64,odd,38,37,40.625,42.1875,3147642,9558,0.3027,0.036461,4.407426657676697,4.296883,4.278384,0.048948,1.025726,0.110544,226.88976531424203,232.726835,ok,
model.3,64,odd,32,31,50.0,51.5625,3145518,11682,0.37,0.044563,4.407426657676697,4.28494,4.277136,0.0286,1.028585,0.122486,226.88976531424203,233.375482,ok,
model.3,64,odd,26,25,59.375,60.9375,3143394,13806,0.4373,0.052666,4.407426657676697,4.52622,4.556736,0.148126,0.973754,-0.118793,226.88976531424203,220.934906,ok,
model.3,64,odd,19,19,70.3125,70.3125,3141270,15930,0.5046,0.060768,4.407426657676697,4.242492,4.229152,0.035978,1.038877,0.164934,226.88976531424203,235.7105,ok,
model.3,64,odd,13,13,79.6875,79.6875,3139146,18054,0.5718,0.068871,4.407426657676697,4.244869,4.227072,0.040036,1.038295,0.162558,226.88976531424203,235.578535,ok,
model.3,64,odd,6,5,90.625,92.1875,3136314,20886,0.6615,0.079674,4.407426657676697,4.237281,4.236288,0.011878,1.040155,0.170146,226.88976531424203,236.000424,ok,
model.3,64,odd,1,1,98.4375,98.4375,3134898,22302,0.7064,0.085075,4.407426657676697,4.257273,4.2412,0.038767,1.03527,0.150154,226.88976531424203,234.892145,ok,
model.4.cv2,64,any,64,64,0.0,0.0,3157200,0,0.0,0.0,4.407426657676697,4.256257,4.241408,0.036528,1.035517,0.15117,226.88976531424203,234.948228,ok,
model.4.cv2,64,any,58,58,9.375,9.375,3149124,8076,0.2558,0.030807,4.407426657676697,4.276776,4.256768,0.044609,1.030549,0.130651,226.88976531424203,233.821002,ok,
model.4.cv2,64,any,51,51,20.3125,20.3125,3139702,17498,0.5542,0.06675,4.407426657676697,4.262934,4.2624,0.012976,1.033895,0.144493,226.88976531424203,234.58024,ok,
model.4.cv2,64,any,45,45,29.6875,29.6875,3131626,25574,0.81,0.097557,4.407426657676697,4.270567,4.25728,0.037828,1.032047,0.13686,226.88976531424203,234.160965,ok,
model.4.cv2,64,any,38,38,40.625,40.625,3122204,34996,1.1085,0.133499,4.407426657676697,4.293164,4.274176,0.051666,1.026615,0.114263,226.88976531424203,232.928439,ok,
model.4.cv2,64,any,32,32,50.0,50.0,3114128,43072,1.3642,0.164307,4.407426657676697,4.258841,4.252672,0.026306,1.034889,0.148585,226.88976531424203,234.805645,ok,
model.4.cv2,64,any,26,26,59.375,59.375,3106052,51148,1.62,0.195114,4.407426657676697,4.386015,4.277296,0.169817,1.004882,0.021412,226.88976531424203,227.997399,ok,
model.4.cv2,64,any,19,19,70.3125,70.3125,3096630,60570,1.9185,0.231056,4.407426657676697,4.286709,4.271312,0.03828,1.028161,0.120718,226.88976531424203,233.279212,ok,
model.4.cv2,64,any,13,13,79.6875,79.6875,3088554,68646,2.1743,0.261864,4.407426657676697,4.266602,4.248704,0.044076,1.033006,0.140825,226.88976531424203,234.378575,ok,
model.4.cv2,64,any,6,6,90.625,90.625,3079132,78068,2.4727,0.297806,4.407426657676697,4.251533,4.250624,0.012159,1.036668,0.155894,226.88976531424203,235.209298,ok,
model.4.cv2,64,any,1,1,98.4375,98.4375,3072402,84798,2.6859,0.323479,4.407426657676697,4.268086,4.251152,0.042038,1.032647,0.139341,226.88976531424203,234.297085,ok,
model.4.cv2,64,even,64,64,0.0,0.0,3157200,0,0.0,0.0,4.407426657676697,4.250875,4.238144,0.033963,1.036828,0.156551,226.88976531424203,235.245662,ok,
model.4.cv2,64,even,58,58,9.375,9.375,3149124,8076,0.2558,0.030807,4.407426657676697,4.276643,4.259584,0.041308,1.030581,0.130783,226.88976531424203,233.82824,ok,
model.4.cv2,64,even,51,50,20.3125,21.875,3138356,18844,0.5969,0.071884,4.407426657676697,4.26321,4.258816,0.022215,1.033828,0.144217,226.88976531424203,234.565027,ok,
model.4.cv2,64,even,45,44,29.6875,31.25,3130280,26920,0.8527,0.102692,4.407426657676697,4.278803,4.261808,0.041276,1.030061,0.128623,226.88976531424203,233.710206,ok,
model.4.cv2,64,even,38,38,40.625,40.625,3122204,34996,1.1085,0.133499,4.407426657676697,4.284463,4.270096,0.041934,1.0287,0.122964,226.88976531424203,233.401494,ok,
model.4.cv2,64,even,32,32,50.0,50.0,3114128,43072,1.3642,0.164307,4.407426657676697,4.276469,4.262672,0.037075,1.030623,0.130958,226.88976531424203,233.837776,ok,
model.4.cv2,64,even,26,26,59.375,59.375,3106052,51148,1.62,0.195114,4.407426657676697,4.248722,4.24448,0.024458,1.037353,0.158705,226.88976531424203,235.364885,ok,
model.4.cv2,64,even,19,18,70.3125,71.875,3095284,61916,1.9611,0.236191,4.407426657676697,4.277706,4.266016,0.034169,1.030325,0.129721,226.88976531424203,233.770166,ok,
model.4.cv2,64,even,13,12,79.6875,81.25,3087208,69992,2.2169,0.266998,4.407426657676697,4.28568,4.253616,0.099632,1.028408,0.121746,226.88976531424203,233.335177,ok,
model.4.cv2,64,even,6,6,90.625,90.625,3079132,78068,2.4727,0.297806,4.407426657676697,4.26051,4.2556,0.023846,1.034483,0.146916,226.88976531424203,234.713667,ok,
model.4.cv2,64,even,1,2,98.4375,96.875,3073748,83452,2.6432,0.318344,4.407426657676697,4.265362,4.249664,0.041318,1.033307,0.142065,226.88976531424203,234.446688,ok,
model.4.cv2,64,odd,64,63,0.0,1.5625,3155854,1346,0.0426,0.005135,4.407426657676697,4.288655,4.276144,0.034274,1.027694,0.118772,226.88976531424203,233.173341,ok,
model.4.cv2,64,odd,58,57,9.375,10.9375,3147778,9422,0.2984,0.035942,4.407426657676697,4.270861,4.253696,0.041487,1.031976,0.136565,226.88976531424203,234.1448,ok,
model.4.cv2,64,odd,51,51,20.3125,20.3125,3139702,17498,0.5542,0.06675,4.407426657676697,4.256711,4.255744,0.011199,1.035407,0.150715,226.88976531424203,234.923145,ok,
model.4.cv2,64,odd,45,45,29.6875,29.6875,3131626,25574,0.81,0.097557,4.407426657676697,4.282982,4.269056,0.036959,1.029056,0.124445,226.88976531424203,233.482199,ok,
model.4.cv2,64,odd,38,37,40.625,42.1875,3120858,36342,1.1511,0.138634,4.407426657676697,4.285821,4.269056,0.040264,1.028374,0.121605,226.88976531424203,233.327506,ok,
model.4.cv2,64,odd,32,31,50.0,51.5625,3112782,44418,1.4069,0.169441,4.407426657676697,4.334199,4.278368,0.110966,1.016895,0.073228,226.88976531424203,230.723137,ok,
model.4.cv2,64,odd,26,25,59.375,60.9375,3104706,52494,1.6627,0.200249,4.407426657676697,4.27583,4.253856,0.072149,1.030777,0.131596,226.88976531424203,233.8727,ok,
model.4.cv2,64,odd,19,19,70.3125,70.3125,3096630,60570,1.9185,0.231056,4.407426657676697,4.308698,4.282,0.073986,1.022914,0.098729,226.88976531424203,232.088671,ok,
model.4.cv2,64,odd,13,13,79.6875,79.6875,3088554,68646,2.1743,0.261864,4.407426657676697,4.271159,4.254864,0.039724,1.031904,0.136267,226.88976531424203,234.128475,ok,
model.4.cv2,64,odd,6,5,90.625,92.1875,3077786,79414,2.5153,0.30294,4.407426657676697,4.243496,4.242432,0.013429,1.038631,0.163931,226.88976531424203,235.654771,ok,
model.4.cv2,64,odd,1,1,98.4375,98.4375,3072402,84798,2.6859,0.323479,4.407426657676697,4.271165,4.249424,0.046415,1.031903,0.136261,226.88976531424203,234.128141,ok,
model.4.cv1,32,any,32,32,0.0,0.0,3157200,0,0.0,0.0,4.407426657676697,4.259424,4.245376,0.037482,1.034747,0.148002,226.88976531424203,234.773504,ok,
model.4.cv1,32,any,29,29,9.375,9.375,3149424,7776,0.2463,0.029663,4.407426657676697,4.269988,4.252112,0.041115,1.032187,0.137439,226.88976531424203,234.192717,ok,
model.4.cv1,32,any,26,26,18.75,18.75,3142296,14904,0.4721,0.056854,4.407426657676697,4.271775,4.27152,0.011804,1.031755,0.135652,226.88976531424203,234.094719,ok,
model.4.cv1,32,any,22,22,31.25,31.25,3133800,23400,0.7412,0.089264,4.407426657676697,4.313444,4.298752,0.036893,1.021788,0.093982,226.88976531424203,231.833284,ok,
model.4.cv1,32,any,19,19,40.625,40.625,3128184,29016,0.919,0.110687,4.407426657676697,4.322254,4.309008,0.036253,1.019706,0.085173,226.88976531424203,231.36078,ok,
model.4.cv1,32,any,16,16,50.0,50.0,3123216,33984,1.0764,0.129639,4.407426657676697,4.277329,4.260208,0.047318,1.030416,0.130098,226.88976531424203,233.790787,ok,
model.4.cv1,32,any,13,13,59.375,59.375,3118896,38304,1.2132,0.146118,4.407426657676697,4.243281,4.239536,0.021006,1.038684,0.164146,226.88976531424203,235.666702,ok,
model.4.cv1,32,any,10,10,68.75,68.75,3115224,41976,1.3295,0.160126,4.407426657676697,4.260356,4.246528,0.037035,1.034521,0.147071,226.88976531424203,234.722166,ok,
model.4.cv1,32,any,6,6,81.25,81.25,3111336,45864,1.4527,0.174957,4.407426657676697,4.274153,4.25832,0.038285,1.031181,0.133274,226.88976531424203,233.964486,ok,
model.4.cv1,32,any,3,3,90.625,90.625,3109176,48024,1.5211,0.183197,4.407426657676697,4.248447,4.248128,0.010367,1.037421,0.15898,226.88976531424203,235.380156,ok,
model.4.cv1,32,any,1,1,96.875,96.875,3108096,49104,1.5553,0.187317,4.407426657676697,4.277027,4.252192,0.045693,1.030488,0.1304,226.88976531424203,233.807264,ok,
model.4.cv1,32,even,32,32,0.0,0.0,3157200,0,0.0,0.0,4.407426657676697,4.264884,4.248576,0.038871,1.033422,0.142543,226.88976531424203,234.472986,ok,
model.4.cv1,32,even,29,28,9.375,12.5,3146976,10224,0.3238,0.039001,4.407426657676697,4.272537,4.256768,0.038008,1.031571,0.134889,226.88976531424203,234.05296,ok,
model.4.cv1,32,even,26,26,18.75,18.75,3142296,14904,0.4721,0.056854,4.407426657676697,4.273583,4.271408,0.013953,1.031319,0.133843,226.88976531424203,233.995675,ok,
model.4.cv1,32,even,22,22,31.25,31.25,3133800,23400,0.7412,0.089264,4.407426657676697,4.311305,4.295136,0.040687,1.022295,0.096122,226.88976531424203,231.948356,ok,
model.4.cv1,32,even,19,18,40.625,43.75,3126456,30744,0.9738,0.117279,4.407426657676697,4.257046,4.242432,0.040925,1.035325,0.150381,226.88976531424203,234.904687,ok,
model.4.cv1,32,even,16,16,50.0,50.0,3123216,33984,1.0764,0.129639,4.407426657676697,4.269667,4.256768,0.037252,1.032265,0.137759,226.88976531424203,234.210292,ok,
model.4.cv1,32,even,13,12,59.375,62.5,3117600,39600,1.2543,0.151062,4.407426657676697,4.266241,4.258992,0.028587,1.033094,0.141186,226.88976531424203,234.398381,ok,
model.4.cv1,32,even,10,10,68.75,68.75,3115224,41976,1.3295,0.160126,4.407426657676697,4.261606,4.248432,0.036022,1.034217,0.14582,226.88976531424203,234.653299,ok,
model.4.cv1,32,even,6,6,81.25,81.25,3111336,45864,1.4527,0.174957,4.407426657676697,4.267403,4.252672,0.036624,1.032812,0.140023,226.88976531424203,234.334548,ok,
model.4.cv1,32,even,3,2,90.625,93.75,3108600,48600,1.5393,0.185394,4.407426657676697,4.239852,4.238816,0.012027,1.039524,0.167574,226.88976531424203,235.857275,ok,
model.4.cv1,32,even,1,2,96.875,93.75,3108600,48600,1.5393,0.185394,4.407426657676697,4.269168,4.251696,0.040138,1.032385,0.138258,226.88976531424203,234.237655,ok,
model.4.cv1,32,odd,32,31,0.0,3.125,3154536,2664,0.0844,0.010162,4.407426657676697,4.274338,4.259856,0.037741,1.031137,0.133088,226.88976531424203,233.954339,ok,
model.4.cv1,32,odd,29,29,9.375,9.375,3149424,7776,0.2463,0.029663,4.407426657676697,4.275669,4.256144,0.043126,1.030816,0.131758,226.88976531424203,233.881545,ok,
model.4.cv1,32,odd,26,25,18.75,21.875,3140064,17136,0.5428,0.065369,4.407426657676697,4.274998,4.268128,0.024284,1.030977,0.132429,226.88976531424203,233.918234,ok,
model.4.cv1,32,odd,22,21,31.25,34.375,3131856,25344,0.8027,0.09668,4.407426657676697,4.319821,4.304064,0.038924,1.02028,0.087606,226.88976531424203,231.491067,ok,
model.4.cv1,32,odd,19,19,40.625,40.625,3128184,29016,0.919,0.110687,4.407426657676697,4.310962,4.29568,0.037402,1.022377,0.096464,226.88976531424203,231.966773,ok,
model.4.cv1,32,odd,16,15,50.0,53.125,3121704,35496,1.1243,0.135406,4.407426657676697,4.252377,4.251488,0.011134,1.036462,0.15505,226.88976531424203,235.162618,ok,
model.4.cv1,32,odd,13,13,59.375,59.375,3118896,38304,1.2132,0.146118,4.407426657676697,4.261427,4.242576,0.047627,1.034261,0.146,226.88976531424203,234.66319,ok,
model.4.cv1,32,odd,10,9,68.75,71.875,3114144,43056,1.3637,0.164246,4.407426657676697,4.293567,4.274176,0.048111,1.026519,0.11386,226.88976531424203,232.906599,ok,
model.4.cv1,32,odd,6,5,81.25,84.375,3110544,46656,1.4778,0.177979,4.407426657676697,4.272277,4.254944,0.039855,1.031634,0.135149,226.88976531424203,234.067208,ok,
model.4.cv1,32,odd,3,3,90.625,90.625,3109176,48024,1.5211,0.183197,4.407426657676697,4.258016,4.24736,0.031969,1.035089,0.14941,226.88976531424203,234.851149,ok,
model.4.cv1,32,odd,1,1,96.875,96.875,3108096,49104,1.5553,0.187317,4.407426657676697,4.280614,4.263936,0.040485,1.029625,0.126813,226.88976531424203,233.611359,ok,
model.4.m.0.cv1,32,any,32,32,0.0,0.0,3157200,0,0.0,0.0,4.407426657676697,4.27592,4.261056,0.03798,1.030755,0.131507,226.88976531424203,233.867793,ok,
model.4.m.0.cv1,32,any,29,29,9.375,9.375,3155466,1734,0.0549,0.006615,4.407426657676697,4.286399,4.269968,0.041859,1.028235,0.121028,226.88976531424203,233.296069,ok,
model.4.m.0.cv1,32,any,26,26,18.75,18.75,3153732,3468,0.1098,0.013229,4.407426657676697,4.255137,4.25176,0.015065,1.03579,0.15229,226.88976531424203,235.010056,ok,
model.4.m.0.cv1,32,any,22,22,31.25,31.25,3151420,5780,0.1831,0.022049,4.407426657676697,4.278269,4.2572,0.042658,1.030189,0.129157,226.88976531424203,233.739374,ok,
model.4.m.0.cv1,32,any,19,19,40.625,40.625,3149686,7514,0.238,0.028664,4.407426657676697,4.283916,4.271312,0.035216,1.028831,0.12351,226.88976531424203,233.431267,ok,
model.4.m.0.cv1,32,any,16,16,50.0,50.0,3147952,9248,0.2929,0.035278,4.407426657676697,4.285536,4.272112,0.037682,1.028442,0.12189,226.88976531424203,233.343017,ok,
model.4.m.0.cv1,32,any,13,13,59.375,59.375,3146218,10982,0.3478,0.041893,4.407426657676697,4.2593,4.254672,0.02249,1.034777,0.148127,226.88976531424203,234.780366,ok,
model.4.m.0.cv1,32,any,10,10,68.75,68.75,3144484,12716,0.4028,0.048508,4.407426657676697,4.272599,4.25984,0.034316,1.031556,0.134828,226.88976531424203,234.0496,ok,
model.4.m.0.cv1,32,any,6,6,81.25,81.25,3142172,15028,0.476,0.057327,4.407426657676697,4.28515,4.269168,0.0381,1.028535,0.122277,226.88976531424203,233.364062,ok,
model.4.m.0.cv1,32,any,3,3,90.625,90.625,3140438,16762,0.5309,0.063942,4.407426657676697,4.268229,4.250784,0.04022,1.032613,0.139198,226.88976531424203,234.289233,ok,
model.4.m.0.cv1,32,any,1,1,96.875,96.875,3139282,17918,0.5675,0.068352,4.407426657676697,4.266722,4.251648,0.037708,1.032977,0.140704,226.88976531424203,234.371936,ok,
model.4.m.0.cv1,32,even,32,32,0.0,0.0,3157200,0,0.0,0.0,4.407426657676697,4.266642,4.253536,0.03752,1.032997,0.140785,226.88976531424203,234.376353,ok,
model.4.m.0.cv1,32,even,29,28,9.375,12.5,3154888,2312,0.0732,0.00882,4.407426657676697,4.296091,4.278112,0.042591,1.025916,0.111336,226.88976531424203,232.769761,ok,
model.4.m.0.cv1,32,even,26,26,18.75,18.75,3153732,3468,0.1098,0.013229,4.407426657676697,4.253717,4.251648,0.012629,1.036135,0.15371,226.88976531424203,235.088505,ok,
model.4.m.0.cv1,32,even,22,22,31.25,31.25,3151420,5780,0.1831,0.022049,4.407426657676697,4.288762,4.269056,0.042026,1.027669,0.118664,226.88976531424203,233.167496,ok,
model.4.m.0.cv1,32,even,19,18,40.625,43.75,3149108,8092,0.2563,0.030869,4.407426657676697,4.288459,4.27008,0.050572,1.027741,0.118968,226.88976531424203,233.184013,ok,
model.4.m.0.cv1,32,even,16,16,50.0,50.0,3147952,9248,0.2929,0.035278,4.407426657676697,4.267378,4.253696,0.037881,1.032818,0.140049,226.88976531424203,234.335929,ok,
model.4.m.0.cv1,32,even,13,12,59.375,62.5,3145640,11560,0.3661,0.044098,4.407426657676697,4.264222,4.263056,0.012516,1.033583,0.143204,226.88976531424203,234.509345,ok,
model.4.m.0.cv1,32,even,10,10,68.75,68.75,3144484,12716,0.4028,0.048508,4.407426657676697,4.270534,4.256688,0.035486,1.032055,0.136893,226.88976531424203,234.162749,ok,
model.4.m.0.cv1,32,even,6,6,81.25,81.25,3142172,15028,0.476,0.057327,4.407426657676697,4.32662,4.257792,0.154532,1.018677,0.080807,226.88976531424203,231.127314,ok,
model.4.m.0.cv1,32,even,3,2,90.625,93.75,3139860,17340,0.5492,0.066147,4.407426657676697,4.272852,4.26072,0.033187,1.031495,0.134574,226.88976531424203,234.035701,ok,
model.4.m.0.cv1,32,even,1,2,96.875,93.75,3139860,17340,0.5492,0.066147,4.407426657676697,4.381521,4.265808,0.160415,1.005912,0.025905,226.88976531424203,228.231238,ok,
model.4.m.0.cv1,32,odd,32,31,0.0,3.125,3156622,578,0.0183,0.002205,4.407426657676697,4.276359,4.260864,0.036332,1.030649,0.131068,226.88976531424203,233.843789,ok,
model.4.m.0.cv1,32,odd,29,29,9.375,9.375,3155466,1734,0.0549,0.006615,4.407426657676697,4.282928,4.26696,0.040472,1.029068,0.124498,226.88976531424203,233.485108,ok,
model.4.m.0.cv1,32,odd,26,25,18.75,21.875,3153154,4046,0.1282,0.015434,4.407426657676697,4.259849,4.257792,0.015131,1.034644,0.147578,226.88976531424203,234.750108,ok,
model.4.m.0.cv1,32,odd,22,21,31.25,34.375,3150842,6358,0.2014,0.024254,4.407426657676697,4.295396,4.276224,0.042361,1.026082,0.11203,226.88976531424203,232.807392,ok,
model.4.m.0.cv1,32,odd,19,19,40.625,40.625,3149686,7514,0.238,0.028664,4.407426657676697,4.268753,4.253808,0.036729,1.032486,0.138674,226.88976531424203,234.260457,ok,
model.4.m.0.cv1,32,odd,16,15,50.0,53.125,3147374,9826,0.3112,0.037483,4.407426657676697,4.269992,4.255568,0.038144,1.032186,0.137434,226.88976531424203,234.192459,ok,
model.4.m.0.cv1,32,odd,13,13,59.375,59.375,3146218,10982,0.3478,0.041893,4.407426657676697,4.263873,4.263408,0.012417,1.033667,0.143553,226.88976531424203,234.528541,ok,
model.4.m.0.cv1,32,odd,10,9,68.75,71.875,3143906,13294,0.4211,0.050713,4.407426657676697,4.283992,4.26984,0.035939,1.028813,0.123435,226.88976531424203,233.427157,ok,
model.4.m.0.cv1,32,odd,6,5,81.25,84.375,3141594,15606,0.4943,0.059532,4.407426657676697,4.269548,4.250624,0.048755,1.032294,0.137879,226.88976531424203,234.216857,ok,
model.4.m.0.cv1,32,odd,3,3,90.625,90.625,3140438,16762,0.5309,0.063942,4.407426657676697,4.249689,4.247552,0.014092,1.037118,0.157738,226.88976531424203,235.311351,ok,
model.4.m.0.cv1,32,odd,1,1,96.875,96.875,3139282,17918,0.5675,0.068352,4.407426657676697,4.288408,4.271296,0.038884,1.027754,0.119019,226.88976531424203,233.186791,ok,
model.4.m.0.cv2,32,any,32,32,0.0,0.0,3157200,0,0.0,0.0,4.407426657676697,4.28166,4.265456,0.04527,1.029373,0.125767,226.88976531424203,233.554273,ok,
model.4.m.0.cv2,32,any,29,29,9.375,9.375,3155274,1926,0.061,0.007347,4.407426657676697,4.421609,4.514944,0.168123,0.996792,-0.014183,226.88976531424203,226.16199,ok,
model.4.m.0.cv2,32,any,26,26,18.75,18.75,3153348,3852,0.122,0.014694,4.407426657676697,4.240891,4.240384,0.0121,1.039269,0.166536,226.88976531424203,235.799529,ok,
model.4.m.0.cv2,32,any,22,22,31.25,31.25,3150780,6420,0.2033,0.02449,4.407426657676697,4.280961,4.264432,0.041151,1.029541,0.126465,226.88976531424203,233.592396,ok,
model.4.m.0.cv2,32,any,19,19,40.625,40.625,3148854,8346,0.2643,0.031837,4.407426657676697,4.2768,4.261888,0.036947,1.030543,0.130626,226.88976531424203,233.819667,ok,
model.4.m.0.cv2,32,any,16,16,50.0,50.0,3146928,10272,0.3254,0.039185,4.407426657676697,4.259077,4.24448,0.035985,1.034831,0.14835,226.88976531424203,234.792673,ok,
model.4.m.0.cv2,32,any,13,13,59.375,59.375,3145002,12198,0.3864,0.046532,4.407426657676697,4.24972,4.2496,0.01171,1.03711,0.157706,226.88976531424203,235.309597,ok,
model.4.m.0.cv2,32,any,10,10,68.75,68.75,3143076,14124,0.4474,0.053879,4.407426657676697,4.267613,4.25104,0.040153,1.032762,0.139814,226.88976531424203,234.32305,ok,
model.4.m.0.cv2,32,any,6,6,81.25,81.25,3140508,16692,0.5287,0.063675,4.407426657676697,4.272502,4.253984,0.049005,1.03158,0.134925,226.88976531424203,234.054918,ok,
model.4.m.0.cv2,32,any,3,3,90.625,90.625,3138582,18618,0.5897,0.071022,4.407426657676697,4.255283,4.241408,0.035355,1.035754,0.152144,226.88976531424203,235.001997,ok,
model.4.m.0.cv2,32,any,1,1,96.875,96.875,3137298,19902,0.6304,0.07592,4.407426657676697,4.259338,4.251648,0.03228,1.034768,0.148089,226.88976531424203,234.77829,ok,
model.4.m.0.cv2,32,even,32,32,0.0,0.0,3157200,0,0.0,0.0,4.407426657676697,4.273519,4.260304,0.03731,1.031334,0.133908,226.88976531424203,233.999209,ok,
model.4.m.0.cv2,32,even,29,28,9.375,12.5,3154632,2568,0.0813,0.009796,4.407426657676697,4.254678,4.236512,0.040003,1.035901,0.152748,226.88976531424203,235.035398,ok,
model.4.m.0.cv2,32,even,26,26,18.75,18.75,3153348,3852,0.122,0.014694,4.407426657676697,4.244311,4.236288,0.030305,1.038432,0.163116,226.88976531424203,235.609506,ok,
model.4.m.0.cv2,32,even,22,22,31.25,31.25,3150780,6420,0.2033,0.02449,4.407426657676697,4.423725,4.513808,0.166212,0.996316,-0.016298,226.88976531424203,226.053851,ok,
model.4.m.0.cv2,32,even,19,18,40.625,43.75,3148212,8988,0.2847,0.034286,4.407426657676697,4.260217,4.247552,0.035651,1.034554,0.147209,226.88976531424203,234.7298,ok,
model.4.m.0.cv2,32,even,16,16,50.0,50.0,3146928,10272,0.3254,0.039185,4.407426657676697,4.260448,4.255904,0.020707,1.034498,0.146978,226.88976531424203,234.717088,ok,
model.4.m.0.cv2,32,even,13,12,59.375,62.5,3144360,12840,0.4067,0.048981,4.407426657676697,4.268766,4.25472,0.036979,1.032483,0.138661,226.88976531424203,234.259755,ok,
model.4.m.0.cv2,32,even,10,10,68.75,68.75,3143076,14124,0.4474,0.053879,4.407426657676697,4.26677,4.251648,0.038055,1.032966,0.140657,226.88976531424203,234.369334,ok,
model.4.m.0.cv2,32,even,6,6,81.25,81.25,3140508,16692,0.5287,0.063675,4.407426657676697,4.255379,4.233328,0.06353,1.035731,0.152048,226.88976531424203,234.996701,ok,
model.4.m.0.cv2,32,even,3,2,90.625,93.75,3137940,19260,0.61,0.073471,4.407426657676697,4.279704,4.265984,0.036223,1.029844,0.127723,226.88976531424203,233.66102,ok,
model.4.m.0.cv2,32,even,1,2,96.875,93.75,3137940,19260,0.61,0.073471,4.407426657676697,4.237379,4.23368,0.020791,1.04013,0.170048,226.88976531424203,235.994965,ok,
model.4.m.0.cv2,32,odd,32,31,0.0,3.125,3156558,642,0.0203,0.002449,4.407426657676697,4.264106,4.250624,0.037223,1.033611,0.143321,226.88976531424203,234.515739,ok,
model.4.m.0.cv2,32,odd,29,29,9.375,9.375,3155274,1926,0.061,0.007347,4.407426657676697,4.259184,4.243456,0.038664,1.034805,0.148243,226.88976531424203,234.786769,ok,
model.4.m.0.cv2,32,odd,26,25,18.75,21.875,3152706,4494,0.1423,0.017143,4.407426657676697,4.256621,4.249136,0.027933,1.035428,0.150805,226.88976531424203,234.928115,ok,
model.4.m.0.cv2,32,odd,22,21,31.25,34.375,3150138,7062,0.2237,0.026939,4.407426657676697,4.282022,4.263744,0.041273,1.029286,0.125404,226.88976531424203,233.534504,ok,
model.4.m.0.cv2,32,odd,19,19,40.625,40.625,3148854,8346,0.2643,0.031837,4.407426657676697,4.255912,4.253696,0.013483,1.035601,0.151515,226.88976531424203,234.967265,ok,
model.4.m.0.cv2,32,odd,16,15,50.0,53.125,3146286,10914,0.3457,0.041634,4.407426657676697,4.270757,4.254688,0.038637,1.032001,0.136669,226.88976531424203,234.150502,ok,
model.4.m.0.cv2,32,odd,13,13,59.375,59.375,3145002,12198,0.3864,0.046532,4.407426657676697,4.244771,4.243376,0.012074,1.038319,0.162656,226.88976531424203,235.583993,ok,
model.4.m.0.cv2,32,odd,10,9,68.75,71.875,3142434,14766,0.4677,0.056328,4.407426657676697,4.278363,4.262592,0.039644,1.030167,0.129064,226.88976531424203,233.734276,ok,
model.4.m.0.cv2,32,odd,6,5,81.25,84.375,3139866,17334,0.549,0.066124,4.407426657676697,4.267893,4.253696,0.035796,1.032694,0.139533,226.88976531424203,234.307631,ok,
model.4.m.0.cv2,32,odd,3,3,90.625,90.625,3138582,18618,0.5897,0.071022,4.407426657676697,4.27149,4.25472,0.038526,1.031824,0.135937,226.88976531424203,234.110339,ok,
model.4.m.0.cv2,32,odd,1,1,96.875,96.875,3137298,19902,0.6304,0.07592,4.407426657676697,4.250031,4.243168,0.030115,1.037034,0.157395,226.88976531424203,235.292387,ok,
model.4.m.1.cv1,32,any,32,32,0.0,0.0,3157200,0,0.0,0.0,4.407426657676697,4.279337,4.266,0.035587,1.029932,0.12809,226.88976531424203,233.681078,ok,
model.4.m.1.cv1,32,any,29,29,9.375,9.375,3155466,1734,0.0549,0.006615,4.407426657676697,4.288157,4.271536,0.037782,1.027814,0.11927,226.88976531424203,233.200428,ok,
model.4.m.1.cv1,32,any,26,26,18.75,18.75,3153732,3468,0.1098,0.013229,4.407426657676697,4.271299,4.267008,0.025207,1.03187,0.136127,226.88976531424203,234.120804,ok,
model.4.m.1.cv1,32,any,22,22,31.25,31.25,3151420,5780,0.1831,0.022049,4.407426657676697,4.442574,4.55008,0.172057,0.992088,-0.035148,226.88976531424203,225.094721,ok,
model.4.m.1.cv1,32,any,19,19,40.625,40.625,3149686,7514,0.238,0.028664,4.407426657676697,4.287811,4.271264,0.043096,1.027897,0.119616,226.88976531424203,233.21926,ok,
model.4.m.1.cv1,32,any,16,16,50.0,50.0,3147952,9248,0.2929,0.035278,4.407426657676697,4.523536,4.561888,0.136165,0.974332,-0.116109,226.88976531424203,221.066003,ok,
model.4.m.1.cv1,32,any,13,13,59.375,59.375,3146218,10982,0.3478,0.041893,4.407426657676697,4.262726,4.260912,0.01377,1.033946,0.144701,226.88976531424203,234.59168,ok,
model.4.m.1.cv1,32,any,10,10,68.75,68.75,3144484,12716,0.4028,0.048508,4.407426657676697,4.587377,4.57104,0.040714,0.960773,-0.179951,226.88976531424203,217.989482,ok,
model.4.m.1.cv1,32,any,6,6,81.25,81.25,3142172,15028,0.476,0.057327,4.407426657676697,4.282693,4.267008,0.042278,1.029125,0.124734,226.88976531424203,233.497964,ok,
model.4.m.1.cv1,32,any,3,3,90.625,90.625,3140438,16762,0.5309,0.063942,4.407426657676697,4.280666,4.267008,0.035628,1.029612,0.126761,226.88976531424203,233.608513,ok,
model.4.m.1.cv1,32,any,1,1,96.875,96.875,3139282,17918,0.5675,0.068352,4.407426657676697,4.382047,4.274304,0.160268,1.005792,0.02538,226.88976531424203,228.203843,ok,
model.4.m.1.cv1,32,even,32,32,0.0,0.0,3157200,0,0.0,0.0,4.407426657676697,4.262934,4.246832,0.040267,1.033895,0.144492,226.88976531424203,234.580205,ok,
model.4.m.1.cv1,32,even,29,28,9.375,12.5,3154888,2312,0.0732,0.00882,4.407426657676697,4.458847,4.55368,0.17294,0.988468,-0.05142,226.88976531424203,224.273224,ok,
model.4.m.1.cv1,32,even,26,26,18.75,18.75,3153732,3468,0.1098,0.013229,4.407426657676697,4.258667,4.257856,0.011231,1.034931,0.14876,226.88976531424203,234.815286,ok,
model.4.m.1.cv1,32,even,22,22,31.25,31.25,3151420,5780,0.1831,0.022049,4.407426657676697,4.416609,4.36696,0.14402,0.997921,-0.009183,226.88976531424203,226.418026,ok,
model.4.m.1.cv1,32,even,19,18,40.625,43.75,3149108,8092,0.2563,0.030869,4.407426657676697,4.263427,4.249088,0.03669,1.033775,0.143999,226.88976531424203,234.553074,ok,
model.4.m.1.cv1,32,even,16,16,50.0,50.0,3147952,9248,0.2929,0.035278,4.407426657676697,4.536041,4.577024,0.137593,0.971646,-0.128615,226.88976531424203,220.456547,ok,
model.4.m.1.cv1,32,even,13,12,59.375,62.5,3145640,11560,0.3661,0.044098,4.407426657676697,4.272759,4.257792,0.068213,1.031518,0.134667,226.88976531424203,234.040806,ok,
model.4.m.1.cv1,32,even,10,10,68.75,68.75,3144484,12716,0.4028,0.048508,4.407426657676697,4.260092,4.247696,0.035926,1.034585,0.147335,226.88976531424203,234.736729,ok,
model.4.m.1.cv1,32,even,6,6,81.25,81.25,3142172,15028,0.476,0.057327,4.407426657676697,4.352584,4.267072,0.165827,1.0126,0.054843,226.88976531424203,229.748576,ok,
model.4.m.1.cv1,32,even,3,2,90.625,93.75,3139860,17340,0.5492,0.066147,4.407426657676697,4.266126,4.265984,0.012837,1.033122,0.141301,226.88976531424203,234.404711,ok,
model.4.m.1.cv1,32,even,1,2,96.875,93.75,3139860,17340,0.5492,0.066147,4.407426657676697,4.424486,4.285248,0.174312,0.996144,-0.017059,226.88976531424203,226.014955,ok,
model.4.m.1.cv1,32,odd,32,31,0.0,3.125,3156622,578,0.0183,0.002205,4.407426657676697,4.277532,4.263392,0.035651,1.030367,0.129894,226.88976531424203,233.779651,ok,
model.4.m.1.cv1,32,odd,29,29,9.375,9.375,3155466,1734,0.0549,0.006615,4.407426657676697,4.277694,4.258944,0.042618,1.030328,0.129732,226.88976531424203,233.770801,ok,
model.4.m.1.cv1,32,odd,26,25,18.75,21.875,3153154,4046,0.1282,0.015434,4.407426657676697,4.265912,4.26472,0.013503,1.033173,0.141514,226.88976531424203,234.416444,ok,
model.4.m.1.cv1,32,odd,22,21,31.25,34.375,3150842,6358,0.2014,0.024254,4.407426657676697,4.274686,4.25856,0.039197,1.031053,0.13274,226.88976531424203,233.9353,ok,
model.4.m.1.cv1,32,odd,19,19,40.625,40.625,3149686,7514,0.238,0.028664,4.407426657676697,4.289341,4.272096,0.039281,1.02753,0.118086,226.88976531424203,233.136045,ok,
model.4.m.1.cv1,32,odd,16,15,50.0,53.125,3147374,9826,0.3112,0.037483,4.407426657676697,4.27201,4.25896,0.035875,1.031699,0.135417,226.88976531424203,234.081842,ok,
model.4.m.1.cv1,32,odd,13,13,59.375,59.375,3146218,10982,0.3478,0.041893,4.407426657676697,4.26138,4.260144,0.012192,1.034272,0.146046,226.88976531424203,234.665745,ok,
model.4.m.1.cv1,32,odd,10,9,68.75,71.875,3143906,13294,0.4211,0.050713,4.407426657676697,4.285392,4.265984,0.041148,1.028477,0.122034,226.88976531424203,233.35087,ok,
model.4.m.1.cv1,32,odd,6,5,81.25,84.375,3141594,15606,0.4943,0.059532,4.407426657676697,4.284773,4.268032,0.042262,1.028626,0.122654,226.88976531424203,233.384603,ok,
model.4.m.1.cv1,32,odd,3,3,90.625,90.625,3140438,16762,0.5309,0.063942,4.407426657676697,4.262597,4.248752,0.035507,1.033977,0.144829,226.88976531424203,234.598749,ok,
model.4.m.1.cv1,32,odd,1,1,96.875,96.875,3139282,17918,0.5675,0.068352,4.407426657676697,4.408924,4.282352,0.170445,0.99966,-0.001497,226.88976531424203,226.812718,ok,
model.4.m.1.cv2,32,any,32,32,0.0,0.0,3157200,0,0.0,0.0,4.407426657676697,4.275312,4.262416,0.035129,1.030902,0.132114,226.88976531424203,233.901045,ok,
model.4.m.1.cv2,32,any,29,29,9.375,9.375,3156138,1062,0.0336,0.004051,4.407426657676697,4.281425,4.26536,0.038966,1.02943,0.126001,226.88976531424203,233.567068,ok,
model.4.m.1.cv2,32,any,26,26,18.75,18.75,3155076,2124,0.0673,0.008102,4.407426657676697,4.231352,4.226048,0.023064,1.041612,0.176075,226.88976531424203,236.3311,ok,
model.4.m.1.cv2,32,any,22,22,31.25,31.25,3153660,3540,0.1121,0.013504,4.407426657676697,4.27362,4.256816,0.042789,1.03131,0.133807,226.88976531424203,233.99369,ok,
model.4.m.1.cv2,32,any,19,19,40.625,40.625,3152598,4602,0.1458,0.017555,4.407426657676697,4.264506,4.252672,0.033445,1.033514,0.142921,226.88976531424203,234.493747,ok,
model.4.m.1.cv2,32,any,16,16,50.0,50.0,3151536,5664,0.1794,0.021606,4.407426657676697,4.263487,4.250416,0.036282,1.033761,0.14394,226.88976531424203,234.549816,ok,
model.4.m.1.cv2,32,any,13,13,59.375,59.375,3150474,6726,0.213,0.025658,4.407426657676697,4.26857,4.25576,0.034482,1.03253,0.138857,226.88976531424203,234.270493,ok,
model.4.m.1.cv2,32,any,10,10,68.75,68.75,3149412,7788,0.2467,0.029709,4.407426657676697,4.422437,4.533392,0.170044,0.996606,-0.01501,226.88976531424203,226.119681,ok,
model.4.m.1.cv2,32,any,6,6,81.25,81.25,3147996,9204,0.2915,0.03511,4.407426657676697,4.397969,4.257744,0.184635,1.00215,0.009457,226.88976531424203,227.377673,ok,
model.4.m.1.cv2,32,any,3,3,90.625,90.625,3146934,10266,0.3252,0.039162,4.407426657676697,4.271745,4.256768,0.041671,1.031762,0.135681,226.88976531424203,234.096348,ok,
model.4.m.1.cv2,32,any,1,1,96.875,96.875,3146226,10974,0.3476,0.041862,4.407426657676697,4.276294,4.258816,0.042527,1.030665,0.131133,226.88976531424203,233.847347,ok,
model.4.m.1.cv2,32,even,32,32,0.0,0.0,3157200,0,0.0,0.0,4.407426657676697,4.269424,4.255248,0.037064,1.032323,0.138002,226.88976531424203,234.223609,ok,
model.4.m.1.cv2,32,even,29,28,9.375,12.5,3155784,1416,0.0448,0.005402,4.407426657676697,4.266563,4.248576,0.041729,1.033016,0.140864,226.88976531424203,234.380695,ok,
model.4.m.1.cv2,32,even,26,26,18.75,18.75,3155076,2124,0.0673,0.008102,4.407426657676697,4.254925,4.253856,0.012711,1.035841,0.152501,226.88976531424203,235.021756,ok,
model.4.m.1.cv2,32,even,22,22,31.25,31.25,3153660,3540,0.1121,0.013504,4.407426657676697,4.351625,4.2444,0.173248,1.012823,0.055801,226.88976531424203,229.799203,ok,
model.4.m.1.cv2,32,even,19,18,40.625,43.75,3152244,4956,0.157,0.018906,4.407426657676697,4.266361,4.250624,0.039551,1.033065,0.141065,226.88976531424203,234.391771,ok,
model.4.m.1.cv2,32,even,16,16,50.0,50.0,3151536,5664,0.1794,0.021606,4.407426657676697,4.263621,4.248176,0.038245,1.033728,0.143805,226.88976531424203,234.542411,ok,
model.4.m.1.cv2,32,even,13,12,59.375,62.5,3150120,7080,0.2242,0.027008,4.407426657676697,4.24724,4.246528,0.012052,1.037716,0.160187,226.88976531424203,235.447038,ok,
model.4.m.1.cv2,32,even,10,10,68.75,68.75,3149412,7788,0.2467,0.029709,4.407426657676697,4.27103,4.256784,0.037608,1.031935,0.136397,226.88976531424203,234.135573,ok,
model.4.m.1.cv2,32,even,6,6,81.25,81.25,3147996,9204,0.2915,0.03511,4.407426657676697,4.273178,4.25472,0.051388,1.031417,0.134249,226.88976531424203,234.017876,ok,
model.4.m.1.cv2,32,even,3,2,90.625,93.75,3146580,10620,0.3364,0.040512,4.407426657676697,4.255703,4.240432,0.048169,1.035652,0.151724,226.88976531424203,234.978821,ok,
model.4.m.1.cv2,32,even,1,2,96.875,93.75,3146580,10620,0.3364,0.040512,4.407426657676697,4.269493,4.255824,0.038247,1.032307,0.137934,226.88976531424203,234.21987,ok,
model.4.m.1.cv2,32,odd,32,31,0.0,3.125,3156846,354,0.0112,0.00135,4.407426657676697,4.261589,4.249456,0.035685,1.034221,0.145838,226.88976531424203,234.654273,ok,
model.4.m.1.cv2,32,odd,29,29,9.375,9.375,3156138,1062,0.0336,0.004051,4.407426657676697,4.257517,4.240384,0.040984,1.035211,0.14991,226.88976531424203,234.878686,ok,
model.4.m.1.cv2,32,odd,26,25,18.75,21.875,3154722,2478,0.0785,0.009453,4.407426657676697,4.250153,4.248576,0.011647,1.037004,0.157274,226.88976531424203,235.285661,ok,
model.4.m.1.cv2,32,odd,22,21,31.25,34.375,3153306,3894,0.1233,0.014854,4.407426657676697,4.276339,4.25984,0.041029,1.030654,0.131088,226.88976531424203,233.844891,ok,
model.4.m.1.cv2,32,odd,19,19,40.625,40.625,3152598,4602,0.1458,0.017555,4.407426657676697,4.260265,4.246416,0.036593,1.034543,0.147161,226.88976531424203,234.727173,ok,
model.4.m.1.cv2,32,odd,16,15,50.0,53.125,3151182,6018,0.1906,0.022957,4.407426657676697,4.280517,4.261888,0.041774,1.029648,0.12691,226.88976531424203,233.616639,ok,
model.4.m.1.cv2,32,odd,13,13,59.375,59.375,3150474,6726,0.213,0.025658,4.407426657676697,4.260443,4.258816,0.012596,1.0345,0.146983,226.88976531424203,234.717365,ok,
model.4.m.1.cv2,32,odd,10,9,68.75,71.875,3149058,8142,0.2579,0.031059,4.407426657676697,4.382309,4.339808,0.139328,1.005732,0.025117,226.88976531424203,228.190195,ok,
model.4.m.1.cv2,32,odd,6,5,81.25,84.375,3147642,9558,0.3027,0.036461,4.407426657676697,4.284213,4.269072,0.04313,1.02876,0.123214,226.88976531424203,233.415116,ok,
model.4.m.1.cv2,32,odd,3,3,90.625,90.625,3146934,10266,0.3252,0.039162,4.407426657676697,4.264969,4.249776,0.03718,1.033402,0.142457,226.88976531424203,234.468271,ok,
model.4.m.1.cv2,32,odd,1,1,96.875,96.875,3146226,10974,0.3476,0.041862,4.407426657676697,4.254684,4.24448,0.033613,1.0359,0.152742,226.88976531424203,235.035067,ok,
model.5,128,any,128,128,0.0,0.0,3157200,0,0.0,0.0,4.407426657676697,4.565912,4.563984,0.096101,0.965289,-0.158485,226.88976531424203,219.01429,ok,
model.5,128,any,115,115,10.1562,10.1562,3148022,9178,0.2907,0.035011,4.407426657676697,4.303412,4.287008,0.040835,1.02417,0.104014,226.88976531424203,232.373734,ok,
model.5,128,any,102,102,20.3125,20.3125,3138844,18356,0.5814,0.070023,4.407426657676697,4.282146,4.280384,0.012788,1.029257,0.125281,226.88976531424203,233.52779,ok,
model.5,128,any,90,90,29.6875,29.6875,3130372,26828,0.8497,0.102341,4.407426657676697,4.301763,4.283088,0.042647,1.024563,0.105664,226.88976531424203,232.462824,ok,
model.5,128,any,77,77,39.8438,39.8438,3121194,36006,1.1404,0.137352,4.407426657676697,4.28351,4.269056,0.037862,1.028929,0.123916,226.88976531424203,233.453396,ok,
model.5,128,any,64,64,50.0,50.0,3112016,45184,1.4311,0.172363,4.407426657676697,4.281657,4.261888,0.045978,1.029374,0.12577,226.88976531424203,233.554453,ok,
model.5,128,any,51,51,60.1562,60.1562,3102838,54362,1.7218,0.207375,4.407426657676697,4.528835,4.570112,0.120789,0.973192,-0.121408,226.88976531424203,220.807349,ok,
model.5,128,any,38,38,70.3125,70.3125,3093660,63540,2.0125,0.242386,4.407426657676697,4.618346,4.600224,0.044281,0.95433,-0.210919,226.88976531424203,216.527754,ok,
model.5,128,any,26,26,79.6875,79.6875,3085188,72012,2.2809,0.274704,4.407426657676697,4.287315,4.27008,0.043814,1.028015,0.120111,226.88976531424203,233.246193,ok,
model.5,128,any,13,13,89.8438,89.8438,3076010,81190,2.5716,0.309715,4.407426657676697,4.282727,4.280784,0.011658,1.029117,0.1247,226.88976531424203,233.496109,ok,
model.5,128,any,1,1,99.2188,99.2188,3067538,89662,2.8399,0.342033,4.407426657676697,4.301151,4.28416,0.039528,1.024709,0.106276,226.88976531424203,232.495927,ok,
model.5,128,even,128,128,0.0,0.0,3157200,0,0.0,0.0,4.407426657676697,4.281848,4.268032,0.037585,1.029328,0.125579,226.88976531424203,233.544039,ok,
model.5,128,even,115,114,10.1562,10.9375,3147316,9884,0.3131,0.037704,4.407426657676697,4.310427,4.286528,0.049555,1.022504,0.097,226.88976531424203,231.995595,ok,
model.5,128,even,102,102,20.3125,20.3125,3138844,18356,0.5814,0.070023,4.407426657676697,4.267805,4.267008,0.012737,1.032715,0.139621,226.88976531424203,234.312469,ok,
model.5,128,even,90,90,29.6875,29.6875,3130372,26828,0.8497,0.102341,4.407426657676697,4.295844,4.278704,0.041711,1.025975,0.111583,226.88976531424203,232.78313,ok,
model.5,128,even,77,76,39.8438,40.625,3120488,36712,1.1628,0.140045,4.407426657676697,4.276847,4.262864,0.036649,1.030532,0.13058,226.88976531424203,233.817106,ok,
model.5,128,even,64,64,50.0,50.0,3112016,45184,1.4311,0.172363,4.407426657676697,4.271056,4.255744,0.038397,1.031929,0.136371,226.88976531424203,234.134158,ok,
model.5,128,even,51,50,60.1562,60.9375,3102132,55068,1.7442,0.210068,4.407426657676697,4.277967,4.277248,0.01155,1.030262,0.129459,226.88976531424203,233.75588,ok,
model.5,128,even,38,38,70.3125,70.3125,3093660,63540,2.0125,0.242386,4.407426657676697,4.295807,4.27944,0.039133,1.025983,0.11162,226.88976531424203,232.785136,ok,
model.5,128,even,26,26,79.6875,79.6875,3085188,72012,2.2809,0.274704,4.407426657676697,4.300744,4.283392,0.045204,1.024806,0.106682,226.88976531424203,232.517891,ok,
model.5,128,even,13,12,89.8438,90.625,3075304,81896,2.5939,0.312408,4.407426657676697,4.285231,4.278384,0.02646,1.028515,0.122195,226.88976531424203,233.359635,ok,
model.5,128,even,1,2,99.2188,98.4375,3068244,88956,2.8176,0.33934,4.407426657676697,4.314131,4.296704,0.039055,1.021625,0.093295,226.88976531424203,231.79637,ok,
model.5,128,odd,128,127,0.0,0.7812,3156494,706,0.0224,0.002693,4.407426657676697,4.283836,4.269056,0.039639,1.028851,0.123591,226.88976531424203,233.435649,ok,
model.5,128,odd,115,115,10.1562,10.1562,3148022,9178,0.2907,0.035011,4.407426657676697,4.476134,4.56032,0.166029,0.98465,-0.068708,226.88976531424203,223.407054,ok,
model.5,128,odd,102,101,20.3125,21.0938,3138138,19062,0.6038,0.072716,4.407426657676697,4.267029,4.264928,0.017917,1.032903,0.140398,226.88976531424203,234.355103,ok,
model.5,128,odd,90,89,29.6875,30.4688,3129666,27534,0.8721,0.105034,4.407426657676697,4.307103,4.289536,0.041719,1.023293,0.100324,226.88976531424203,232.17464,ok,
model.5,128,odd,77,77,39.8438,39.8438,3121194,36006,1.1404,0.137352,4.407426657676697,4.274905,4.260896,0.037017,1.031,0.132522,226.88976531424203,233.923341,ok,
model.5,128,odd,64,63,50.0,50.7812,3111310,45890,1.4535,0.175056,4.407426657676697,4.285187,4.271936,0.037305,1.028526,0.12224,226.88976531424203,233.362057,ok,
model.5,128,odd,51,51,60.1562,60.1562,3102838,54362,1.7218,0.207375,4.407426657676697,4.269074,4.267248,0.013757,1.032408,0.138353,226.88976531424203,234.242841,ok,
model.5,128,odd,38,37,70.3125,71.0938,3092954,64246,2.0349,0.245079,4.407426657676697,4.309518,4.294656,0.037431,1.022719,0.097908,226.88976531424203,232.04449,ok,
model.5,128,odd,26,25,79.6875,80.4688,3084482,72718,2.3032,0.277397,4.407426657676697,4.30081,4.28336,0.045844,1.02479,0.106616,226.88976531424203,232.514321,ok,
model.5,128,odd,13,13,89.8438,89.8438,3076010,81190,2.5716,0.309715,4.407426657676697,4.30255,4.294688,0.029512,1.024375,0.104876,226.88976531424203,232.420294,ok,
model.5,128,odd,1,1,99.2188,99.2188,3067538,89662,2.8399,0.342033,4.407426657676697,4.417769,4.301248,0.167212,0.997659,-0.010342,226.88976531424203,226.3586,ok,
model.6.cv2,128,any,128,128,0.0,0.0,3157200,0,0.0,0.0,4.407426657676697,4.282077,4.267232,0.035069,1.029273,0.12535,226.88976531424203,233.531542,ok,
model.6.cv2,128,any,115,115,10.1562,10.1562,3122230,34970,1.1076,0.1334,4.407426657676697,4.506965,4.57216,0.155815,0.977915,-0.099538,226.88976531424203,221.878812,ok,
model.6.cv2,128,any,102,102,20.3125,20.3125,3087260,69940,2.2153,0.2668,4.407426657676697,4.290673,4.289536,0.011687,1.027211,0.116754,226.88976531424203,233.06369,ok,
model.6.cv2,128,any,90,90,29.6875,29.6875,3054980,102220,3.2377,0.389938,4.407426657676697,4.301648,4.281456,0.0474,1.02459,0.105779,226.88976531424203,232.469038,ok,
model.6.cv2,128,any,77,77,39.8438,39.8438,3020010,137190,4.3453,0.523338,4.407426657676697,4.291323,4.276112,0.038667,1.027056,0.116104,226.88976531424203,233.028382,ok,
model.6.cv2,128,any,64,64,50.0,50.0,2985040,172160,5.4529,0.656738,4.407426657676697,4.268387,4.256816,0.0348,1.032574,0.139039,226.88976531424203,234.280521,ok,
model.6.cv2,128,any,51,51,60.1562,60.1562,2950070,207130,6.5606,0.790138,4.407426657676697,4.292547,4.286464,0.027684,1.026763,0.11488,226.88976531424203,232.961934,ok,
model.6.cv2,128,any,38,38,70.3125,70.3125,2915100,242100,7.6682,0.923538,4.407426657676697,4.280041,4.266976,0.037384,1.029763,0.127386,226.88976531424203,233.642623,ok,
model.6.cv2,128,any,26,26,79.6875,79.6875,2882820,274380,8.6906,1.046677,4.407426657676697,4.294157,4.27736,0.042045,1.026378,0.11327,226.88976531424203,232.874595,ok,
model.6.cv2,128,any,13,13,89.8438,89.8438,2847850,309350,9.7982,1.180077,4.407426657676697,4.259891,4.2588,0.013774,1.034634,0.147536,226.88976531424203,234.747791,ok,
model.6.cv2,128,any,1,1,99.2188,99.2188,2815570,341630,10.8207,1.303215,4.407426657676697,4.302178,4.282304,0.044011,1.024464,0.105248,226.88976531424203,232.440388,ok,
model.6.cv2,128,even,128,128,0.0,0.0,3157200,0,0.0,0.0,4.407426657676697,4.268834,4.254816,0.035088,1.032466,0.138593,226.88976531424203,234.25601,ok,
model.6.cv2,128,even,115,114,10.1562,10.9375,3119540,37660,1.1928,0.143661,4.407426657676697,4.2961,4.278224,0.041693,1.025914,0.111327,226.88976531424203,232.769277,ok,
model.6.cv2,128,even,102,102,20.3125,20.3125,3087260,69940,2.2153,0.2668,4.407426657676697,4.285743,4.282368,0.01743,1.028393,0.121684,226.88976531424203,233.331768,ok,
model.6.cv2,128,even,90,90,29.6875,29.6875,3054980,102220,3.2377,0.389938,4.407426657676697,4.31594,4.299872,0.037895,1.021197,0.091487,226.88976531424203,231.699233,ok,
model.6.cv2,128,even,77,76,39.8438,40.625,3017320,139880,4.4305,0.5336,4.407426657676697,4.272205,4.258688,0.037199,1.031651,0.135221,226.88976531424203,234.071141,ok,
model.6.cv2,128,even,64,64,50.0,50.0,2985040,172160,5.4529,0.656738,4.407426657676697,4.281985,4.268032,0.039248,1.029295,0.125441,226.88976531424203,233.536533,ok,
model.6.cv2,128,even,51,50,60.1562,60.9375,2947380,209820,6.6458,0.8004,4.407426657676697,4.269373,4.265808,0.026395,1.032336,0.138053,226.88976531424203,234.226419,ok,
model.6.cv2,128,even,38,38,70.3125,70.3125,2915100,242100,7.6682,0.923538,4.407426657676697,4.303965,4.290528,0.037428,1.024039,0.103462,226.88976531424203,232.343914,ok,
model.6.cv2,128,even,26,26,79.6875,79.6875,2882820,274380,8.6906,1.046677,4.407426657676697,4.288528,4.272032,0.039653,1.027725,0.118899,226.88976531424203,233.180254,ok,
model.6.cv2,128,even,13,12,89.8438,90.625,2845160,312040,9.8834,1.190338,4.407426657676697,4.264077,4.25216,0.033545,1.033618,0.143349,226.88976531424203,234.517316,ok,
model.6.cv2,128,even,1,2,99.2188,98.4375,2818260,338940,10.7355,1.292953,4.407426657676697,4.251898,4.24344,0.0333,1.036579,0.155529,226.88976531424203,235.189084,ok,
model.6.cv2,128,odd,128,127,0.0,0.7812,3154510,2690,0.0852,0.010262,4.407426657676697,4.308051,4.289008,0.044068,1.023067,0.099376,226.88976531424203,232.123529,ok,
model.6.cv2,128,odd,115,115,10.1562,10.1562,3122230,34970,1.1076,0.1334,4.407426657676697,4.291782,4.276096,0.039514,1.026946,0.115645,226.88976531424203,233.003472,ok,
model.6.cv2,128,odd,102,101,20.3125,21.0938,3084570,72630,2.3005,0.277061,4.407426657676697,4.281528,4.28032,0.013777,1.029405,0.125899,226.88976531424203,233.561482,ok,
model.6.cv2,128,odd,90,89,29.6875,30.4688,3052290,104910,3.3229,0.4002,4.407426657676697,4.311294,4.291664,0.041822,1.022298,0.096132,226.88976531424203,231.948907,ok,
model.6.cv2,128,odd,77,77,39.8438,39.8438,3020010,137190,4.3453,0.523338,4.407426657676697,4.297004,4.281344,0.038592,1.025698,0.110423,226.88976531424203,232.720295,ok,
model.6.cv2,128,odd,64,63,50.0,50.7812,2982350,174850,5.5381,0.667,4.407426657676697,4.278889,4.265248,0.035009,1.03004,0.128537,226.88976531424203,233.705505,ok,
model.6.cv2,128,odd,51,51,60.1562,60.1562,2950070,207130,6.5606,0.790138,4.407426657676697,4.287433,4.280816,0.028509,1.027987,0.119993,226.88976531424203,233.239776,ok,
model.6.cv2,128,odd,38,37,70.3125,71.0938,2912410,244790,7.7534,0.9338,4.407426657676697,4.308867,4.296144,0.034845,1.022874,0.098559,226.88976531424203,232.079547,ok,
model.6.cv2,128,odd,26,25,79.6875,80.4688,2880130,277070,8.7758,1.056938,4.407426657676697,4.293011,4.276288,0.039034,1.026652,0.114416,226.88976531424203,232.936738,ok,
model.6.cv2,128,odd,13,13,89.8438,89.8438,2847850,309350,9.7982,1.180077,4.407426657676697,4.261461,4.260864,0.014278,1.034253,0.145966,226.88976531424203,234.661322,ok,
model.6.cv2,128,odd,1,1,99.2188,99.2188,2815570,341630,10.8207,1.303215,4.407426657676697,4.275756,4.258816,0.039889,1.030795,0.13167,226.88976531424203,233.87676,ok,
model.6.cv1,64,any,64,64,0.0,0.0,3157200,0,0.0,0.0,4.407426657676697,4.269133,4.255744,0.036934,1.032394,0.138294,226.88976531424203,234.239592,ok,
model.6.cv1,64,any,58,58,9.375,9.375,3126168,31032,0.9829,0.118378,4.407426657676697,4.614291,4.627136,0.128953,0.955169,-0.206865,226.88976531424203,216.718009,ok,
model.6.cv1,64,any,51,51,20.3125,20.3125,3093240,63960,2.0258,0.243988,4.407426657676697,4.311601,4.310064,0.014602,1.022225,0.095826,226.88976531424203,231.932415,ok,
model.6.cv1,64,any,45,45,29.6875,29.6875,3067824,89376,2.8309,0.340942,4.407426657676697,4.325354,4.296704,0.075293,1.018975,0.082072,226.88976531424203,231.194932,ok,
model.6.cv1,64,any,38,38,40.625,40.625,3041448,115752,3.6663,0.441559,4.407426657676697,4.266822,4.240496,0.088554,1.032953,0.140604,226.88976531424203,234.366446,ok,
model.6.cv1,64,any,32,32,50.0,50.0,3021648,135552,4.2934,0.51709,4.407426657676697,4.257227,4.24448,0.034991,1.035281,0.150199,226.88976531424203,234.894663,ok,
model.6.cv1,64,any,26,26,59.375,59.375,3004440,152760,4.8385,0.582733,4.407426657676697,4.230414,4.226032,0.023279,1.041843,0.177013,226.88976531424203,236.383479,ok,
model.6.cv1,64,any,19,19,70.3125,70.3125,2987640,169560,5.3706,0.64682,4.407426657676697,4.420668,4.274288,0.179899,0.997005,-0.013241,226.88976531424203,226.210176,ok,
model.6.cv1,64,any,13,13,79.6875,79.6875,2976048,181152,5.7377,0.69104,4.407426657676697,4.377489,4.235264,0.179001,1.006839,0.029938,226.88976531424203,228.441479,ok,
model.6.cv1,64,any,6,6,90.625,90.625,2965800,191400,6.0623,0.730133,4.407426657676697,4.23755,4.22144,0.069629,1.040088,0.169876,226.88976531424203,235.985389,ok,
model.6.cv1,64,any,1,1,98.4375,98.4375,2960640,196560,6.2258,0.749817,4.407426657676697,4.467659,4.524496,0.150435,0.986518,-0.060232,226.88976531424203,223.830864,ok,
model.6.cv1,64,even,64,64,0.0,0.0,3157200,0,0.0,0.0,4.407426657676697,4.251807,4.237888,0.036996,1.036601,0.15562,226.88976531424203,235.194133,ok,
model.6.cv1,64,even,58,58,9.375,9.375,3126168,31032,0.9829,0.118378,4.407426657676697,4.316141,4.296816,0.041491,1.02115,0.091286,226.88976531424203,231.688468,ok,
model.6.cv1,64,even,51,50,20.3125,21.875,3088824,68376,2.1657,0.260834,4.407426657676697,4.616787,4.619776,0.054724,0.954652,-0.209361,226.88976531424203,216.600838,ok,
model.6.cv1,64,even,45,44,29.6875,31.25,3063840,93360,2.9571,0.35614,4.407426657676697,4.377252,4.30592,0.126473,1.006894,0.030175,226.88976531424203,228.453837,ok,
model.6.cv1,64,even,38,38,40.625,40.625,3041448,115752,3.6663,0.441559,4.407426657676697,4.244036,4.227952,0.042313,1.038499,0.163391,226.88976531424203,235.624765,ok,
model.6.cv1,64,even,32,32,50.0,50.0,3021648,135552,4.2934,0.51709,4.407426657676697,4.246635,4.234496,0.034004,1.037863,0.160791,226.88976531424203,235.480546,ok,
model.6.cv1,64,even,26,26,59.375,59.375,3004440,152760,4.8385,0.582733,4.407426657676697,4.238851,4.23224,0.031616,1.039769,0.168576,226.88976531424203,235.913,ok,
model.6.cv1,64,even,19,18,70.3125,71.875,2985528,171672,5.4375,0.654877,4.407426657676697,4.231074,4.218112,0.036451,1.04168,0.176353,226.88976531424203,236.346615,ok,
model.6.cv1,64,even,13,12,79.6875,81.25,2974368,182832,5.791,0.697449,4.407426657676697,4.320212,4.23424,0.158947,1.020188,0.087215,226.88976531424203,231.470148,ok,
model.6.cv1,64,even,6,6,90.625,90.625,2965800,191400,6.0623,0.730133,4.407426657676697,4.22318,4.217936,0.025595,1.043627,0.184247,226.88976531424203,236.788395,ok,
model.6.cv1,64,even,1,2,98.4375,96.875,2961528,195672,6.1976,0.746429,4.407426657676697,4.207689,4.192432,0.038416,1.04747,0.199737,226.88976531424203,237.660129,ok,
model.6.cv1,64,odd,64,63,0.0,1.5625,3151848,5352,0.1695,0.020416,4.407426657676697,4.324157,4.309472,0.038424,1.019257,0.08327,226.88976531424203,231.258965,ok,
model.6.cv1,64,odd,58,57,9.375,10.9375,3121248,35952,1.1387,0.137146,4.407426657676697,4.310214,4.30592,0.025436,1.022554,0.097213,226.88976531424203,232.007043,ok,
model.6.cv1,64,odd,51,51,20.3125,20.3125,3093240,63960,2.0258,0.243988,4.407426657676697,4.306325,4.291584,0.039095,1.023478,0.101102,226.88976531424203,232.216575,ok,
model.6.cv1,64,odd,45,45,29.6875,29.6875,3067824,89376,2.8309,0.340942,4.407426657676697,4.330804,4.31448,0.039787,1.017692,0.076622,226.88976531424203,230.903988,ok,
model.6.cv1,64,odd,38,37,40.625,42.1875,3037968,119232,3.7765,0.454834,4.407426657676697,4.549791,4.531712,0.051403,0.96871,-0.142364,226.88976531424203,219.790318,ok,
model.6.cv1,64,odd,32,31,50.0,51.5625,3018600,138600,4.39,0.528717,4.407426657676697,4.238823,4.225072,0.037036,1.039776,0.168604,226.88976531424203,235.914561,ok,
model.6.cv1,64,odd,26,25,59.375,60.9375,3001824,155376,4.9213,0.592712,4.407426657676697,4.249528,4.239504,0.031979,1.037157,0.157899,226.88976531424203,235.320246,ok,
model.6.cv1,64,odd,19,19,70.3125,70.3125,2987640,169560,5.3706,0.64682,4.407426657676697,4.259155,4.242368,0.039024,1.034812,0.148272,226.88976531424203,234.788363,ok,
model.6.cv1,64,odd,13,13,79.6875,79.6875,2976048,181152,5.7377,0.69104,4.407426657676697,4.237885,4.220928,0.039857,1.040006,0.169542,226.88976531424203,235.966785,ok,
model.6.cv1,64,odd,6,5,90.625,92.1875,2964624,192576,6.0996,0.734619,4.407426657676697,4.210546,4.209616,0.013212,1.046759,0.196881,226.88976531424203,237.498895,ok,
model.6.cv1,64,odd,1,1,98.4375,98.4375,2960640,196560,6.2258,0.749817,4.407426657676697,4.486515,4.519936,0.147649,0.982372,-0.079089,226.88976531424203,222.89014,ok,
model.6.m.0.cv1,64,any,64,64,0.0,0.0,3157200,0,0.0,0.0,4.407426657676697,4.340076,4.324512,0.040216,1.015518,0.067351,226.88976531424203,230.410709,ok,
model.6.m.0.cv1,64,any,58,58,9.375,9.375,3150276,6924,0.2193,0.026413,4.407426657676697,4.364731,4.363824,0.012625,1.009782,0.042696,226.88976531424203,229.109194,ok,
model.6.m.0.cv1,64,any,51,51,20.3125,20.3125,3142198,15002,0.4752,0.057228,4.407426657676697,4.397489,4.376656,0.046692,1.00226,0.009938,226.88976531424203,227.402504,ok,
model.6.m.0.cv1,64,any,45,45,29.6875,29.6875,3135274,21926,0.6945,0.083641,4.407426657676697,4.39827,4.381664,0.039699,1.002082,0.009157,226.88976531424203,227.362139,ok,
model.6.m.0.cv1,64,any,38,38,40.625,40.625,3127196,30004,0.9503,0.114456,4.407426657676697,4.344377,4.341136,0.021067,1.014513,0.06305,226.88976531424203,230.182627,ok,
model.6.m.0.cv1,64,any,32,32,50.0,50.0,3120272,36928,1.1696,0.140869,4.407426657676697,4.378495,4.359728,0.042796,1.006608,0.028932,226.88976531424203,228.388982,ok,
model.6.m.0.cv1,64,any,26,26,59.375,59.375,3113348,43852,1.389,0.167282,4.407426657676697,4.382628,4.364656,0.041816,1.005658,0.024798,226.88976531424203,228.173578,ok,
model.6.m.0.cv1,64,any,19,19,70.3125,70.3125,3105270,51930,1.6448,0.198097,4.407426657676697,4.356327,4.355152,0.012485,1.01173,0.0511,226.88976531424203,229.551188,ok,
model.6.m.0.cv1,64,any,13,13,79.6875,79.6875,3098346,58854,1.8641,0.22451,4.407426657676697,4.372276,4.35416,0.042311,1.00804,0.035151,226.88976531424203,228.713852,ok,
model.6.m.0.cv1,64,any,6,6,90.625,90.625,3090268,66932,2.12,0.255325,4.407426657676697,4.35293,4.337664,0.039387,1.01252,0.054497,226.88976531424203,229.730312,ok,
model.6.m.0.cv1,64,any,1,1,98.4375,98.4375,3084498,72702,2.3027,0.277336,4.407426657676697,4.388343,4.361216,0.066828,1.004349,0.019084,226.88976531424203,227.876442,ok,
model.6.m.0.cv1,64,even,64,64,0.0,0.0,3157200,0,0.0,0.0,4.407426657676697,4.351436,4.346928,0.021672,1.012867,0.055991,226.88976531424203,229.809208,ok,
model.6.m.0.cv1,64,even,58,58,9.375,9.375,3150276,6924,0.2193,0.026413,4.407426657676697,4.387465,4.372368,0.03897,1.00455,0.019961,226.88976531424203,227.922032,ok,
model.6.m.0.cv1,64,even,51,50,20.3125,21.875,3141044,16156,0.5117,0.06163,4.407426657676697,4.403681,4.385504,0.040871,1.000851,0.003746,226.88976531424203,227.082764,ok,
model.6.m.0.cv1,64,even,45,44,29.6875,31.25,3134120,23080,0.731,0.088043,4.407426657676697,4.361197,4.361216,0.011965,1.0106,0.04623,226.88976531424203,229.294864,ok,
model.6.m.0.cv1,64,even,38,38,40.625,40.625,3127196,30004,0.9503,0.114456,4.407426657676697,4.382941,4.364944,0.042233,1.005587,0.024486,226.88976531424203,228.157302,ok,
model.6.m.0.cv1,64,even,32,32,50.0,50.0,3120272,36928,1.1696,0.140869,4.407426657676697,4.355278,4.338688,0.039995,1.011974,0.052148,226.88976531424203,229.606447,ok,
model.6.m.0.cv1,64,even,26,26,59.375,59.375,3113348,43852,1.389,0.167282,4.407426657676697,4.401142,4.380304,0.048901,1.001428,0.006285,226.88976531424203,227.213756,ok,
model.6.m.0.cv1,64,even,19,18,70.3125,71.875,3104116,53084,1.6814,0.202499,4.407426657676697,4.349401,4.348928,0.010966,1.013341,0.058025,226.88976531424203,229.916696,ok,
model.6.m.0.cv1,64,even,13,12,79.6875,81.25,3097192,60008,1.9007,0.228912,4.407426657676697,4.357997,4.340736,0.041139,1.011342,0.04943,226.88976531424203,229.463231,ok,
model.6.m.0.cv1,64,even,6,6,90.625,90.625,3090268,66932,2.12,0.255325,4.407426657676697,4.365386,4.349808,0.0404,1.00963,0.04204,226.88976531424203,229.074798,ok,
model.6.m.0.cv1,64,even,1,2,98.4375,96.875,3085652,71548,2.2662,0.272934,4.407426657676697,4.383836,4.37032,0.037894,1.005381,0.02359,226.88976531424203,228.110709,ok,
model.6.m.0.cv1,64,odd,64,63,0.0,1.5625,3156046,1154,0.0366,0.004402,4.407426657676697,4.343744,4.338592,0.025612,1.014661,0.063682,226.88976531424203,230.216134,ok,
model.6.m.0.cv1,64,odd,58,57,9.375,10.9375,3149122,8078,0.2559,0.030815,4.407426657676697,4.400239,4.379648,0.048054,1.001633,0.007188,226.88976531424203,227.260381,ok,
model.6.m.0.cv1,64,odd,51,51,20.3125,20.3125,3142198,15002,0.4752,0.057228,4.407426657676697,4.398273,4.380672,0.039471,1.002081,0.009154,226.88976531424203,227.361969,ok,
model.6.m.0.cv1,64,odd,45,45,29.6875,29.6875,3135274,21926,0.6945,0.083641,4.407426657676697,4.362445,4.361472,0.012382,1.010311,0.044981,226.88976531424203,229.229239,ok,
model.6.m.0.cv1,64,odd,38,37,40.625,42.1875,3126042,31158,0.9869,0.118858,4.407426657676697,4.390912,4.372528,0.042261,1.003761,0.016514,226.88976531424203,227.743104,ok,
model.6.m.0.cv1,64,odd,32,31,50.0,51.5625,3119118,38082,1.2062,0.145271,4.407426657676697,4.38156,4.36736,0.038916,1.005904,0.025867,226.88976531424203,228.229221,ok,
model.6.m.0.cv1,64,odd,26,25,59.375,60.9375,3112194,45006,1.4255,0.171684,4.407426657676697,4.360009,4.343936,0.040625,1.010876,0.047418,226.88976531424203,229.357321,ok,
model.6.m.0.cv1,64,odd,19,19,70.3125,70.3125,3105270,51930,1.6448,0.198097,4.407426657676697,4.397322,4.381776,0.040387,1.002298,0.010104,226.88976531424203,227.411121,ok,
model.6.m.0.cv1,64,odd,13,13,79.6875,79.6875,3098346,58854,1.8641,0.22451,4.407426657676697,4.364192,4.348928,0.037572,1.009907,0.043235,226.88976531424203,229.137495,ok,
model.6.m.0.cv1,64,odd,6,5,90.625,92.1875,3089114,68086,2.1565,0.259727,4.407426657676697,4.41642,4.378272,0.090024,0.997964,-0.008993,226.88976531424203,226.427764,ok,
model.6.m.0.cv1,64,odd,1,1,98.4375,98.4375,3084498,72702,2.3027,0.277336,4.407426657676697,4.371048,4.369456,0.013307,1.008323,0.036378,226.88976531424203,228.778077,ok,
model.6.m.0.cv2,64,any,64,64,0.0,0.0,3157200,0,0.0,0.0,4.407426657676697,4.388896,4.344304,0.096196,1.004222,0.018531,226.88976531424203,227.847755,ok,
model.6.m.0.cv2,64,any,58,58,9.375,9.375,3149508,7692,0.2436,0.029343,4.407426657676697,4.392245,4.375792,0.039431,1.003456,0.015181,226.88976531424203,227.673979,ok,
model.6.m.0.cv2,64,any,51,51,20.3125,20.3125,3140534,16666,0.5279,0.063576,4.407426657676697,4.394515,4.370432,0.050347,1.002938,0.012912,226.88976531424203,227.556393,ok,
model.6.m.0.cv2,64,any,45,45,29.6875,29.6875,3132842,24358,0.7715,0.092918,4.407426657676697,4.355722,4.355072,0.012678,1.011871,0.051705,226.88976531424203,229.583084,ok,
model.6.m.0.cv2,64,any,38,38,40.625,40.625,3123868,33332,1.0557,0.127151,4.407426657676697,4.356868,4.340736,0.041904,1.011604,0.050559,226.88976531424203,229.522679,ok,
model.6.m.0.cv2,64,any,32,32,50.0,50.0,3116176,41024,1.2994,0.156494,4.407426657676697,4.360315,4.343616,0.043207,1.010805,0.047111,226.88976531424203,229.341213,ok,
model.6.m.0.cv2,64,any,26,26,59.375,59.375,3108484,48716,1.543,0.185837,4.407426657676697,4.375643,4.362144,0.036661,1.007264,0.031784,226.88976531424203,228.537846,ok,
model.6.m.0.cv2,64,any,19,19,70.3125,70.3125,3099510,57690,1.8273,0.22007,4.407426657676697,4.376165,4.357216,0.043551,1.007144,0.031261,226.88976531424203,228.510556,ok,
model.6.m.0.cv2,64,any,13,13,79.6875,79.6875,3091818,65382,2.0709,0.249413,4.407426657676697,4.36362,4.345664,0.04837,1.010039,0.043807,226.88976531424203,229.167539,ok,
model.6.m.0.cv2,64,any,6,6,90.625,90.625,3082844,74356,2.3551,0.283646,4.407426657676697,4.366526,4.349008,0.039711,1.009367,0.0409,226.88976531424203,229.01499,ok,
model.6.m.0.cv2,64,any,1,1,98.4375,98.4375,3076434,80766,2.5582,0.308098,4.407426657676697,4.361203,4.360192,0.012953,1.010599,0.046224,226.88976531424203,229.294538,ok,
model.6.m.0.cv2,64,even,64,64,0.0,0.0,3157200,0,0.0,0.0,4.407426657676697,4.371126,4.352,0.043225,1.008305,0.036301,226.88976531424203,228.774017,ok,
model.6.m.0.cv2,64,even,58,58,9.375,9.375,3149508,7692,0.2436,0.029343,4.407426657676697,4.379673,4.362128,0.042229,1.006337,0.027753,226.88976531424203,228.327534,ok,
model.6.m.0.cv2,64,even,51,50,20.3125,21.875,3139252,17948,0.5685,0.068466,4.407426657676697,4.371725,4.355904,0.040489,1.008166,0.035701,226.88976531424203,228.742641,ok,
model.6.m.0.cv2,64,even,45,44,29.6875,31.25,3131560,25640,0.8121,0.097809,4.407426657676697,4.364355,4.351344,0.042023,1.009869,0.043071,226.88976531424203,229.128911,ok,
model.6.m.0.cv2,64,even,38,38,40.625,40.625,3123868,33332,1.0557,0.127151,4.407426657676697,4.373253,4.355232,0.043187,1.007814,0.034173,226.88976531424203,228.662719,ok,
model.6.m.0.cv2,64,even,32,32,50.0,50.0,3116176,41024,1.2994,0.156494,4.407426657676697,4.359658,4.342816,0.039826,1.010957,0.047769,226.88976531424203,229.3758,ok,
model.6.m.0.cv2,64,even,26,26,59.375,59.375,3108484,48716,1.543,0.185837,4.407426657676697,4.363323,4.36224,0.014413,1.010108,0.044104,226.88976531424203,229.183131,ok,
model.6.m.0.cv2,64,even,19,18,70.3125,71.875,3098228,58972,1.8679,0.22496,4.407426657676697,4.36035,4.343808,0.0398,1.010797,0.047077,226.88976531424203,229.339395,ok,
model.6.m.0.cv2,64,even,13,12,79.6875,81.25,3090536,66664,2.1115,0.254303,4.407426657676697,4.354378,4.339712,0.038659,1.012183,0.053049,226.88976531424203,229.653941,ok,
model.6.m.0.cv2,64,even,6,6,90.625,90.625,3082844,74356,2.3551,0.283646,4.407426657676697,4.358639,4.339536,0.044595,1.011193,0.048788,226.88976531424203,229.429431,ok,
model.6.m.0.cv2,64,even,1,2,98.4375,96.875,3077716,79484,2.5175,0.303207,4.407426657676697,4.363297,4.36224,0.012465,1.010114,0.04413,226.88976531424203,229.184515,ok,
model.6.m.0.cv2,64,odd,64,63,0.0,1.5625,3155918,1282,0.0406,0.00489,4.407426657676697,4.389627,4.371456,0.045376,1.004055,0.0178,226.88976531424203,227.809802,ok,
model.6.m.0.cv2,64,odd,58,57,9.375,10.9375,3148226,8974,0.2842,0.034233,4.407426657676697,4.386776,4.36824,0.048265,1.004707,0.020651,226.88976531424203,227.957839,ok,
model.6.m.0.cv2,64,odd,51,51,20.3125,20.3125,3140534,16666,0.5279,0.063576,4.407426657676697,4.37022,4.364784,0.025516,1.008514,0.037206,226.88976531424203,228.821408,ok,
model.6.m.0.cv2,64,odd,45,45,29.6875,29.6875,3132842,24358,0.7715,0.092918,4.407426657676697,4.383764,4.36632,0.04186,1.005398,0.023663,226.88976531424203,228.114495,ok,
model.6.m.0.cv2,64,odd,38,37,40.625,42.1875,3122586,34614,1.0964,0.132042,4.407426657676697,4.386644,4.369472,0.040365,1.004738,0.020783,226.88976531424203,227.964729,ok,
model.6.m.0.cv2,64,odd,32,31,50.0,51.5625,3114894,42306,1.34,0.161385,4.407426657676697,4.389811,4.371456,0.040632,1.004013,0.017616,226.88976531424203,227.800253,ok,
model.6.m.0.cv2,64,odd,26,25,59.375,60.9375,3107202,49998,1.5836,0.190727,4.407426657676697,4.353691,4.352928,0.01284,1.012343,0.053736,226.88976531424203,229.690186,ok,
model.6.m.0.cv2,64,odd,19,19,70.3125,70.3125,3099510,57690,1.8273,0.22007,4.407426657676697,4.381158,4.36224,0.044911,1.005996,0.026269,226.88976531424203,228.250181,ok,
model.6.m.0.cv2,64,odd,13,13,79.6875,79.6875,3091818,65382,2.0709,0.249413,4.407426657676697,4.353856,4.337664,0.041342,1.012304,0.053571,226.88976531424203,229.681471,ok,
model.6.m.0.cv2,64,odd,6,5,90.625,92.1875,3081562,75638,2.3957,0.288536,4.407426657676697,4.382182,4.366432,0.039028,1.005761,0.025245,226.88976531424203,228.196839,ok,
model.6.m.0.cv2,64,odd,1,1,98.4375,98.4375,3076434,80766,2.5582,0.308098,4.407426657676697,4.380747,4.373504,0.027802,1.00609,0.02668,226.88976531424203,228.271587,ok,
model.6.m.1.cv1,64,any,64,64,0.0,0.0,3157200,0,0.0,0.0,4.407426657676697,4.34845,4.332272,0.038894,1.013563,0.058976,226.88976531424203,229.966976,ok,
model.6.m.1.cv1,64,any,58,58,9.375,9.375,3150276,6924,0.2193,0.026413,4.407426657676697,4.404997,4.385744,0.046033,1.000551,0.002429,226.88976531424203,227.014894,ok,
model.6.m.1.cv1,64,any,51,51,20.3125,20.3125,3142198,15002,0.4752,0.057228,4.407426657676697,4.374242,4.370432,0.018829,1.007586,0.033184,226.88976531424203,228.611013,ok,
model.6.m.1.cv1,64,any,45,45,29.6875,29.6875,3135274,21926,0.6945,0.083641,4.407426657676697,4.379215,4.361216,0.042515,1.006442,0.028212,226.88976531424203,228.351448,ok,
model.6.m.1.cv1,64,any,38,38,40.625,40.625,3127196,30004,0.9503,0.114456,4.407426657676697,4.370426,4.353088,0.042204,1.008466,0.037001,226.88976531424203,228.810662,ok,
model.6.m.1.cv1,64,any,32,32,50.0,50.0,3120272,36928,1.1696,0.140869,4.407426657676697,4.382603,4.359168,0.054539,1.005664,0.024824,226.88976531424203,228.174917,ok,
model.6.m.1.cv1,64,any,26,26,59.375,59.375,3113348,43852,1.389,0.167282,4.407426657676697,4.351292,4.348272,0.029245,1.012901,0.056135,226.88976531424203,229.816796,ok,
model.6.m.1.cv1,64,any,19,19,70.3125,70.3125,3105270,51930,1.6448,0.198097,4.407426657676697,4.368317,4.353024,0.038226,1.008953,0.03911,226.88976531424203,228.921137,ok,
model.6.m.1.cv1,64,any,13,13,79.6875,79.6875,3098346,58854,1.8641,0.22451,4.407426657676697,4.362702,4.3456,0.045683,1.010252,0.044725,226.88976531424203,229.215766,ok,
model.6.m.1.cv1,64,any,6,6,90.625,90.625,3090268,66932,2.12,0.255325,4.407426657676697,4.358083,4.343808,0.037266,1.011322,0.049343,226.88976531424203,229.458664,ok,
model.6.m.1.cv1,64,any,1,1,98.4375,98.4375,3084498,72702,2.3027,0.277336,4.407426657676697,4.390963,4.369408,0.053716,1.003749,0.016464,226.88976531424203,227.740487,ok,
model.6.m.1.cv1,64,even,64,64,0.0,0.0,3157200,0,0.0,0.0,4.407426657676697,4.362989,4.344832,0.044057,1.010185,0.044438,226.88976531424203,229.200675,ok,
model.6.m.1.cv1,64,even,58,58,9.375,9.375,3150276,6924,0.2193,0.026413,4.407426657676697,4.387228,4.36736,0.045652,1.004604,0.020198,226.88976531424203,227.93434,ok,
model.6.m.1.cv1,64,even,51,50,20.3125,21.875,3141044,16156,0.5117,0.06163,4.407426657676697,4.380067,4.379216,0.010586,1.006246,0.02736,226.88976531424203,228.307021,ok,
model.6.m.1.cv1,64,even,45,44,29.6875,31.25,3134120,23080,0.731,0.088043,4.407426657676697,4.36421,4.340736,0.062482,1.009903,0.043217,226.88976531424203,229.136543,ok,
model.6.m.1.cv1,64,even,38,38,40.625,40.625,3127196,30004,0.9503,0.114456,4.407426657676697,4.343263,4.328448,0.037223,1.014773,0.064163,226.88976531424203,230.241621,ok,
model.6.m.1.cv1,64,even,32,32,50.0,50.0,3120272,36928,1.1696,0.140869,4.407426657676697,4.35967,4.342784,0.041777,1.010954,0.047757,226.88976531424203,229.375184,ok,
model.6.m.1.cv1,64,even,26,26,59.375,59.375,3113348,43852,1.389,0.167282,4.407426657676697,4.377141,4.370432,0.028663,1.006919,0.030285,226.88976531424203,228.45961,ok,
model.6.m.1.cv1,64,even,19,18,70.3125,71.875,3104116,53084,1.6814,0.202499,4.407426657676697,4.367312,4.350976,0.038466,1.009185,0.040115,226.88976531424203,228.9738,ok,
model.6.m.1.cv1,64,even,13,12,79.6875,81.25,3097192,60008,1.9007,0.228912,4.407426657676697,4.36221,4.3468,0.038713,1.010365,0.045216,226.88976531424203,229.241576,ok,
model.6.m.1.cv1,64,even,6,6,90.625,90.625,3090268,66932,2.12,0.255325,4.407426657676697,4.339053,4.337568,0.012151,1.015758,0.068374,226.88976531424203,230.465051,ok,
model.6.m.1.cv1,64,even,1,2,98.4375,96.875,3085652,71548,2.2662,0.272934,4.407426657676697,4.394915,4.378752,0.03934,1.002847,0.012512,226.88976531424203,227.535693,ok,
model.6.m.1.cv1,64,odd,64,63,0.0,1.5625,3156046,1154,0.0366,0.004402,4.407426657676697,4.369969,4.353152,0.040252,1.008572,0.037457,226.88976531424203,228.834554,ok,
model.6.m.1.cv1,64,odd,58,57,9.375,10.9375,3149122,8078,0.2559,0.030815,4.407426657676697,4.393872,4.37464,0.041805,1.003085,0.013554,226.88976531424203,227.589681,ok,
model.6.m.1.cv1,64,odd,51,51,20.3125,20.3125,3142198,15002,0.4752,0.057228,4.407426657676697,4.381638,4.38088,0.011623,1.005886,0.025789,226.88976531424203,228.22517,ok,
model.6.m.1.cv1,64,odd,45,45,29.6875,29.6875,3135274,21926,0.6945,0.083641,4.407426657676697,4.377404,4.360208,0.040213,1.006858,0.030022,226.88976531424203,228.445882,ok,
model.6.m.1.cv1,64,odd,38,37,40.625,42.1875,3126042,31158,0.9869,0.118858,4.407426657676697,4.376391,4.347904,0.086023,1.007092,0.031036,226.88976531424203,228.498799,ok,
model.6.m.1.cv1,64,odd,32,31,50.0,51.5625,3119118,38082,1.2062,0.145271,4.407426657676697,4.356163,4.347792,0.031917,1.011768,0.051264,226.88976531424203,229.559822,ok,
model.6.m.1.cv1,64,odd,26,25,59.375,60.9375,3112194,45006,1.4255,0.171684,4.407426657676697,4.371629,4.354048,0.042576,1.008189,0.035797,226.88976531424203,228.747664,ok,
model.6.m.1.cv1,64,odd,19,19,70.3125,70.3125,3105270,51930,1.6448,0.198097,4.407426657676697,4.369319,4.359152,0.03303,1.008722,0.038107,226.88976531424203,228.868598,ok,
model.6.m.1.cv1,64,odd,13,13,79.6875,79.6875,3098346,58854,1.8641,0.22451,4.407426657676697,4.361188,4.343808,0.040918,1.010602,0.046239,226.88976531424203,229.295346,ok,
model.6.m.1.cv1,64,odd,6,5,90.625,92.1875,3089114,68086,2.1565,0.259727,4.407426657676697,4.374205,4.37248,0.012781,1.007595,0.033221,226.88976531424203,228.612948,ok,
model.6.m.1.cv1,64,odd,1,1,98.4375,98.4375,3084498,72702,2.3027,0.277336,4.407426657676697,4.396164,4.378624,0.042116,1.002562,0.011263,226.88976531424203,227.471059,ok,
model.6.m.1.cv2,64,any,64,64,0.0,0.0,3157200,0,0.0,0.0,4.407426657676697,4.356911,4.340304,0.041046,1.011594,0.050515,226.88976531424203,229.520386,ok,
model.6.m.1.cv2,64,any,58,58,9.375,9.375,3152964,4236,0.1342,0.016159,4.407426657676697,4.398716,4.381104,0.042085,1.00198,0.008711,226.88976531424203,227.339077,ok,
model.6.m.1.cv2,64,any,51,51,20.3125,20.3125,3148022,9178,0.2907,0.035011,4.407426657676697,4.369846,4.364352,0.021063,1.0086,0.037581,226.88976531424203,228.841024,ok,
model.6.m.1.cv2,64,any,45,45,29.6875,29.6875,3143786,13414,0.4249,0.05117,4.407426657676697,4.392934,4.375616,0.042927,1.003299,0.014493,226.88976531424203,227.638301,ok,
model.6.m.1.cv2,64,any,38,38,40.625,40.625,3138844,18356,0.5814,0.070023,4.407426657676697,4.35795,4.340864,0.038343,1.011353,0.049477,226.88976531424203,229.465701,ok,
model.6.m.1.cv2,64,any,32,32,50.0,50.0,3134608,22592,0.7156,0.086182,4.407426657676697,4.338517,4.337888,0.011828,1.015883,0.068909,226.88976531424203,230.493489,ok,
model.6.m.1.cv2,64,any,26,26,59.375,59.375,3130372,26828,0.8497,0.102341,4.407426657676697,4.352897,4.335616,0.040731,1.012527,0.05453,226.88976531424203,229.732086,ok,
model.6.m.1.cv2,64,any,19,19,70.3125,70.3125,3125430,31770,1.0063,0.121193,4.407426657676697,4.36922,4.354208,0.038573,1.008744,0.038206,226.88976531424203,228.873794,ok,
model.6.m.1.cv2,64,any,13,13,79.6875,79.6875,3121194,36006,1.1404,0.137352,4.407426657676697,4.372738,4.3536,0.043197,1.007933,0.034689,226.88976531424203,228.689677,ok,
model.6.m.1.cv2,64,any,6,6,90.625,90.625,3116252,40948,1.297,0.156204,4.407426657676697,4.345628,4.345792,0.012003,1.014221,0.061799,226.88976531424203,230.11634,ok,
model.6.m.1.cv2,64,any,1,1,98.4375,98.4375,3112722,44478,1.4088,0.16967,4.407426657676697,4.372494,4.356096,0.04092,1.007989,0.034933,226.88976531424203,228.702431,ok,
model.6.m.1.cv2,64,even,64,64,0.0,0.0,3157200,0,0.0,0.0,4.407426657676697,4.372053,4.351024,0.050731,1.008091,0.035374,226.88976531424203,228.725503,ok,
model.6.m.1.cv2,64,even,58,58,9.375,9.375,3152964,4236,0.1342,0.016159,4.407426657676697,4.371997,4.356336,0.038941,1.008104,0.03543,226.88976531424203,228.728449,ok,
model.6.m.1.cv2,64,even,51,50,20.3125,21.875,3147316,9884,0.3131,0.037704,4.407426657676697,4.37926,4.372256,0.02723,1.006432,0.028167,226.88976531424203,228.34909,ok,
model.6.m.1.cv2,64,even,45,44,29.6875,31.25,3143080,14120,0.4472,0.053864,4.407426657676697,4.374724,4.356096,0.043095,1.007475,0.032703,226.88976531424203,228.585863,ok,
model.6.m.1.cv2,64,even,38,38,40.625,40.625,3138844,18356,0.5814,0.070023,4.407426657676697,4.365472,4.34704,0.041512,1.009611,0.041955,226.88976531424203,229.07031,ok,
model.6.m.1.cv2,64,even,32,32,50.0,50.0,3134608,22592,0.7156,0.086182,4.407426657676697,4.337392,4.335856,0.013311,1.016147,0.070035,226.88976531424203,230.553314,ok,
model.6.m.1.cv2,64,even,26,26,59.375,59.375,3130372,26828,0.8497,0.102341,4.407426657676697,4.363673,4.3448,0.040545,1.010027,0.043754,226.88976531424203,229.164767,ok,
model.6.m.1.cv2,64,even,19,18,70.3125,71.875,3124724,32476,1.0286,0.123886,4.407426657676697,4.350367,4.33592,0.038796,1.013116,0.05706,226.88976531424203,229.865662,ok,
model.6.m.1.cv2,64,even,13,12,79.6875,81.25,3120488,36712,1.1628,0.140045,4.407426657676697,4.362521,4.34688,0.040587,1.010294,0.044906,226.88976531424203,229.22527,ok,
model.6.m.1.cv2,64,even,6,6,90.625,90.625,3116252,40948,1.297,0.156204,4.407426657676697,4.366585,4.36352,0.024186,1.009353,0.040842,226.88976531424203,229.011912,ok,
model.6.m.1.cv2,64,even,1,2,98.4375,96.875,3113428,43772,1.3864,0.166977,4.407426657676697,4.385219,4.369424,0.041013,1.005064,0.022208,226.88976531424203,228.038789,ok,
model.6.m.1.cv2,64,odd,64,63,0.0,1.5625,3156494,706,0.0224,0.002693,4.407426657676697,4.383295,4.367312,0.03856,1.005505,0.024132,226.88976531424203,228.138902,ok,
model.6.m.1.cv2,64,odd,58,57,9.375,10.9375,3152258,4942,0.1565,0.018852,4.407426657676697,4.366228,4.356912,0.031096,1.009436,0.041198,226.88976531424203,229.030633,ok,
model.6.m.1.cv2,64,odd,51,51,20.3125,20.3125,3148022,9178,0.2907,0.035011,4.407426657676697,4.377073,4.361072,0.040486,1.006935,0.030354,226.88976531424203,228.46319,ok,
model.6.m.1.cv2,64,odd,45,45,29.6875,29.6875,3143786,13414,0.4249,0.05117,4.407426657676697,4.390196,4.37248,0.040723,1.003925,0.017231,226.88976531424203,227.780288,ok,
model.6.m.1.cv2,64,odd,38,37,40.625,42.1875,3138138,19062,0.6038,0.072716,4.407426657676697,4.386537,4.36936,0.040265,1.004762,0.02089,226.88976531424203,227.970272,ok,
model.6.m.1.cv2,64,odd,32,31,50.0,51.5625,3133902,23298,0.7379,0.088875,4.407426657676697,4.350413,4.346272,0.017579,1.013105,0.057014,226.88976531424203,229.86325,ok,
model.6.m.1.cv2,64,odd,26,25,59.375,60.9375,3129666,27534,0.8721,0.105034,4.407426657676697,4.359794,4.343856,0.039548,1.010925,0.047632,226.88976531424203,229.36861,ok,
model.6.m.1.cv2,64,odd,19,19,70.3125,70.3125,3125430,31770,1.0063,0.121193,4.407426657676697,4.365161,4.348928,0.040283,1.009683,0.042266,226.88976531424203,229.086649,ok,
model.6.m.1.cv2,64,odd,13,13,79.6875,79.6875,3121194,36006,1.1404,0.137352,4.407426657676697,4.356617,4.342384,0.039428,1.011663,0.050809,226.88976531424203,229.535879,ok,
model.6.m.1.cv2,64,odd,6,5,90.625,92.1875,3115546,41654,1.3193,0.158897,4.407426657676697,4.387174,4.37448,0.035445,1.004616,0.020253,226.88976531424203,227.937187,ok,
model.6.m.1.cv2,64,odd,1,1,98.4375,98.4375,3112722,44478,1.4088,0.16967,4.407426657676697,4.398118,4.379712,0.045832,1.002117,0.009309,226.88976531424203,227.369992,ok,
model.7,256,any,256,256,0.0,0.0,3157200,0,0.0,0.0,4.407426657676697,4.361775,4.344832,0.040092,1.010466,0.045652,226.88976531424203,229.264466,ok,
model.7,256,any,230,230,10.1562,10.1562,3120540,36660,1.1612,0.139847,4.407426657676697,4.372492,4.371456,0.014149,1.00799,0.034935,226.88976531424203,228.702553,ok,
model.7,256,any,205,205,19.9219,19.9219,3085290,71910,2.2777,0.274315,4.407426657676697,4.424229,4.382864,0.091018,0.996202,-0.016802,226.88976531424203,226.028099,ok,
model.7,256,any,179,179,30.0781,30.0781,3048630,108570,3.4388,0.414162,4.407426657676697,4.403595,4.387824,0.038618,1.00087,0.003832,226.88976531424203,227.087204,ok,
model.7,256,any,154,154,39.8438,39.8438,3013380,143820,4.5553,0.54863,4.407426657676697,4.398353,4.383632,0.036928,1.002063,0.009074,226.88976531424203,227.357839,ok,
model.7,256,any,128,128,50.0,50.0,2976720,180480,5.7165,0.688477,4.407426657676697,4.363286,4.361216,0.019094,1.010116,0.04414,226.88976531424203,229.185042,ok,
model.7,256,any,102,102,60.1562,60.1562,2940060,217140,6.8776,0.828323,4.407426657676697,4.396879,4.380672,0.041358,1.002399,0.010548,226.88976531424203,227.434059,ok,
model.7,256,any,77,77,69.9219,69.9219,2904810,252390,7.9941,0.962791,4.407426657676697,4.408091,4.390912,0.039418,0.999849,-0.000664,226.88976531424203,226.855577,ok,
model.7,256,any,51,51,80.0781,80.0781,2868150,289050,9.1553,1.102638,4.407426657676697,4.338377,4.337664,0.0117,1.015916,0.06905,226.88976531424203,230.500948,ok,
model.7,256,any,26,26,89.8438,89.8438,2832900,324300,10.2718,1.237106,4.407426657676697,4.385058,4.367216,0.040373,1.005101,0.022369,226.88976531424203,228.047148,ok,
model.7,256,any,1,1,99.6094,99.6094,2797650,359550,11.3883,1.371574,4.407426657676697,4.42045,4.404224,0.039849,0.997054,-0.013024,226.88976531424203,226.221289,ok,
model.7,256,even,256,256,0.0,0.0,3157200,0,0.0,0.0,4.407426657676697,4.359863,4.340736,0.044992,1.010909,0.047564,226.88976531424203,229.365002,ok,
model.7,256,even,230,230,10.1562,10.1562,3120540,36660,1.1612,0.139847,4.407426657676697,4.361699,4.35872,0.019604,1.010484,0.045728,226.88976531424203,229.268463,ok,
model.7,256,even,205,204,19.9219,20.3125,3083880,73320,2.3223,0.279694,4.407426657676697,4.380063,4.364272,0.040221,1.006247,0.027364,226.88976531424203,228.307239,ok,
model.7,256,even,179,178,30.0781,30.4688,3047220,109980,3.4835,0.41954,4.407426657676697,4.39905,4.38272,0.039933,1.001904,0.008376,226.88976531424203,227.321785,ok,
model.7,256,even,154,154,39.8438,39.8438,3013380,143820,4.5553,0.54863,4.407426657676697,4.376201,4.37656,0.012233,1.007135,0.031225,226.88976531424203,228.508674,ok,
model.7,256,even,128,128,50.0,50.0,2976720,180480,5.7165,0.688477,4.407426657676697,4.380765,4.36432,0.040459,1.006086,0.026661,226.88976531424203,228.270621,ok,
model.7,256,even,102,102,60.1562,60.1562,2940060,217140,6.8776,0.828323,4.407426657676697,4.394127,4.375536,0.045552,1.003027,0.0133,226.88976531424203,227.576499,ok,
model.7,256,even,77,76,69.9219,70.3125,2903400,253800,8.0388,0.96817,4.407426657676697,4.379079,4.36016,0.041794,1.006474,0.028348,226.88976531424203,228.358545,ok,
model.7,256,even,51,50,80.0781,80.4688,2866740,290460,9.1999,1.108017,4.407426657676697,4.34542,4.344832,0.01238,1.01427,0.062007,226.88976531424203,230.127377,ok,
model.7,256,even,26,26,89.8438,89.8438,2832900,324300,10.2718,1.237106,4.407426657676697,4.391671,4.372592,0.043295,1.003588,0.015756,226.88976531424203,227.703753,ok,
model.7,256,even,1,2,99.6094,99.2188,2799060,358140,11.3436,1.366196,4.407426657676697,4.38424,4.36736,0.039651,1.005289,0.023187,226.88976531424203,228.089726,ok,
model.7,256,odd,256,255,0.0,0.3906,3155790,1410,0.0447,0.005379,4.407426657676697,4.394982,4.378624,0.040062,1.002832,0.012445,226.88976531424203,227.53223,ok,
model.7,256,odd,230,229,10.1562,10.5469,3119130,38070,1.2058,0.145226,4.407426657676697,4.393777,4.389616,0.019705,1.003107,0.01365,226.88976531424203,227.594616,ok,
model.7,256,odd,205,205,19.9219,19.9219,3085290,71910,2.2777,0.274315,4.407426657676697,4.383141,4.36512,0.042642,1.005541,0.024285,226.88976531424203,228.14687,ok,
model.7,256,odd,179,179,30.0781,30.0781,3048630,108570,3.4388,0.414162,4.407426657676697,4.41466,4.397056,0.040354,0.998362,-0.007233,226.88976531424203,226.518036,ok,
model.7,256,odd,154,153,39.8438,40.2344,3011970,145230,4.6,0.554008,4.407426657676697,4.394456,4.38488,0.03277,1.002952,0.012971,226.88976531424203,227.559447,ok,
model.7,256,odd,128,127,50.0,50.3906,2975310,181890,5.7611,0.693855,4.407426657676697,4.377657,4.36032,0.041198,1.0068,0.02977,226.88976531424203,228.432695,ok,
model.7,256,odd,102,101,60.1562,60.5469,2938650,218550,6.9223,0.833702,4.407426657676697,4.409562,4.39304,0.038834,0.999516,-0.002135,226.88976531424203,226.779914,ok,
model.7,256,odd,77,77,69.9219,69.9219,2904810,252390,7.9941,0.962791,4.407426657676697,4.405262,4.385952,0.044312,1.000491,0.002165,226.88976531424203,227.001261,ok,
model.7,256,odd,51,51,80.0781,80.0781,2868150,289050,9.1553,1.102638,4.407426657676697,4.33488,4.332544,0.021793,1.016736,0.072546,226.88976531424203,230.686883,ok,
model.7,256,odd,26,25,89.8438,90.2344,2831490,325710,10.3164,1.242485,4.407426657676697,4.388036,4.370704,0.041618,1.004419,0.019391,226.88976531424203,227.89239,ok,
model.7,256,odd,1,1,99.6094,99.6094,2797650,359550,11.3883,1.371574,4.407426657676697,4.402677,4.382576,0.047312,1.001079,0.00475,226.88976531424203,227.134552,ok,
model.8.cv2,256,any,256,256,0.0,0.0,3157200,0,0.0,0.0,4.407426657676697,4.352655,4.35088,0.014934,1.012584,0.054772,226.88976531424203,229.744842,ok,
model.8.cv2,256,any,230,230,10.1562,10.1562,3143836,13364,0.4233,0.05098,4.407426657676697,4.387075,4.371552,0.03903,1.004639,0.020352,226.88976531424203,227.942319,ok,
model.8.cv2,256,any,205,205,19.9219,19.9219,3130986,26214,0.8303,0.099998,4.407426657676697,4.375568,4.356096,0.045288,1.007281,0.031859,226.88976531424203,228.541768,ok,
model.8.cv2,256,any,179,179,30.0781,30.0781,3117622,39578,1.2536,0.150978,4.407426657676697,4.358119,4.351072,0.027333,1.011314,0.049308,226.88976531424203,229.456789,ok,
model.8.cv2,256,any,154,154,39.8438,39.8438,3104772,52428,1.6606,0.199997,4.407426657676697,4.370034,4.352784,0.043241,1.008557,0.037393,226.88976531424203,228.831176,ok,
model.8.cv2,256,any,128,128,50.0,50.0,3091408,65792,2.0839,0.250977,4.407426657676697,4.385883,4.36824,0.041418,1.004912,0.021544,226.88976531424203,228.004254,ok,
model.8.cv2,256,any,102,102,60.1562,60.1562,3078044,79156,2.5072,0.301956,4.407426657676697,4.376332,4.359168,0.042333,1.007105,0.031095,226.88976531424203,228.501851,ok,
model.8.cv2,256,any,77,77,69.9219,69.9219,3065194,92006,2.9142,0.350975,4.407426657676697,4.3711,4.353984,0.042183,1.008311,0.036326,226.88976531424203,228.77534,ok,
model.8.cv2,256,any,51,51,80.0781,80.0781,3051830,105370,3.3375,0.401955,4.407426657676697,4.35966,4.354048,0.024723,1.010957,0.047767,226.88976531424203,229.375705,ok,
model.8.cv2,256,any,26,26,89.8438,89.8438,3038980,118220,3.7445,0.450974,4.407426657676697,4.400341,4.359744,0.08515,1.00161,0.007086,226.88976531424203,227.255114,ok,
model.8.cv2,256,any,1,1,99.6094,99.6094,3026130,131070,4.1515,0.499992,4.407426657676697,4.370624,4.352016,0.042126,1.00842,0.036803,226.88976531424203,228.800286,ok,
model.8.cv2,256,even,256,256,0.0,0.0,3157200,0,0.0,0.0,4.407426657676697,4.349717,4.34864,0.012737,1.013267,0.05771,226.88976531424203,229.900024,ok,
model.8.cv2,256,even,230,230,10.1562,10.1562,3143836,13364,0.4233,0.05098,4.407426657676697,4.403541,4.36728,0.085982,1.000882,0.003885,226.88976531424203,227.089954,ok,
model.8.cv2,256,even,205,204,19.9219,20.3125,3130472,26728,0.8466,0.101959,4.407426657676697,4.375771,4.361184,0.037171,1.007234,0.031656,226.88976531424203,228.531156,ok,
model.8.cv2,256,even,179,178,30.0781,30.4688,3117108,40092,1.2699,0.152939,4.407426657676697,4.369458,4.349104,0.043564,1.00869,0.037969,226.88976531424203,228.861336,ok,
model.8.cv2,256,even,154,154,39.8438,39.8438,3104772,52428,1.6606,0.199997,4.407426657676697,4.346133,4.342752,0.018871,1.014103,0.061294,226.88976531424203,230.089615,ok,
model.8.cv2,256,even,128,128,50.0,50.0,3091408,65792,2.0839,0.250977,4.407426657676697,4.582357,4.653056,0.113293,0.961825,-0.174931,226.88976531424203,218.228293,ok,
model.8.cv2,256,even,102,102,60.1562,60.1562,3078044,79156,2.5072,0.301956,4.407426657676697,4.390957,4.35704,0.097826,1.003751,0.01647,226.88976531424203,227.74078,ok,
model.8.cv2,256,even,77,76,69.9219,70.3125,3064680,92520,2.9304,0.352936,4.407426657676697,4.344332,4.343808,0.012526,1.014524,0.063095,226.88976531424203,230.185006,ok,
model.8.cv2,256,even,51,50,80.0781,80.4688,3051316,105884,3.3537,0.403915,4.407426657676697,4.40331,4.357024,0.090657,1.000935,0.004117,226.88976531424203,227.101886,ok,
model.8.cv2,256,even,26,26,89.8438,89.8438,3038980,118220,3.7445,0.450974,4.407426657676697,4.375997,4.359168,0.04487,1.007182,0.031429,226.88976531424203,228.51934,ok,
model.8.cv2,256,even,1,2,99.6094,99.2188,3026644,130556,4.1352,0.498032,4.407426657676697,4.367795,4.35008,0.04195,1.009074,0.039631,226.88976531424203,228.948452,ok,
model.8.cv2,256,odd,256,255,0.0,0.3906,3156686,514,0.0163,0.001961,4.407426657676697,4.357285,4.355168,0.011811,1.011508,0.050142,226.88976531424203,229.500732,ok,
model.8.cv2,256,odd,230,229,10.1562,10.5469,3143322,13878,0.4396,0.05294,4.407426657676697,4.376675,4.358128,0.043795,1.007026,0.030751,226.88976531424203,228.48393,ok,
model.8.cv2,256,odd,205,205,19.9219,19.9219,3130986,26214,0.8303,0.099998,4.407426657676697,4.377689,4.35712,0.054836,1.006793,0.029737,226.88976531424203,228.431008,ok,
model.8.cv2,256,odd,179,179,30.0781,30.0781,3117622,39578,1.2536,0.150978,4.407426657676697,4.35864,4.339712,0.048308,1.011193,0.048786,226.88976531424203,229.42934,ok,
model.8.cv2,256,odd,154,153,39.8438,40.2344,3104258,52942,1.6769,0.201958,4.407426657676697,4.35281,4.347904,0.022323,1.012548,0.054617,226.88976531424203,229.736668,ok,
model.8.cv2,256,odd,128,127,50.0,50.3906,3090894,66306,2.1002,0.252937,4.407426657676697,4.386988,4.370384,0.040523,1.004659,0.020438,226.88976531424203,227.946809,ok,
model.8.cv2,256,odd,102,101,60.1562,60.5469,3077530,79670,2.5234,0.303917,4.407426657676697,4.383463,4.366864,0.03782,1.005467,0.023964,226.88976531424203,228.130143,ok,
model.8.cv2,256,odd,77,77,69.9219,69.9219,3065194,92006,2.9142,0.350975,4.407426657676697,4.352107,4.348928,0.022046,1.012711,0.05532,226.88976531424203,229.773786,ok,
model.8.cv2,256,odd,51,51,80.0781,80.0781,3051830,105370,3.3375,0.401955,4.407426657676697,4.413557,4.361216,0.100898,0.998611,-0.00613,226.88976531424203,226.574625,ok,
model.8.cv2,256,odd,26,25,89.8438,90.2344,3038466,118734,3.7607,0.452934,4.407426657676697,4.370864,4.354912,0.040979,1.008365,0.036562,226.88976531424203,228.787695,ok,
model.8.cv2,256,odd,1,1,99.6094,99.6094,3026130,131070,4.1515,0.499992,4.407426657676697,4.377052,4.350112,0.070024,1.00694,0.030375,226.88976531424203,228.464269,ok,
model.8.cv1,128,any,128,128,0.0,0.0,3157200,0,0.0,0.0,4.407426657676697,4.350393,4.347904,0.017695,1.01311,0.057033,226.88976531424203,229.864264,ok,
model.8.cv1,128,any,115,115,10.1562,10.1562,3083594,73606,2.3314,0.280785,4.407426657676697,4.366124,4.350768,0.039204,1.00946,0.041302,226.88976531424203,229.036077,ok,
model.8.cv1,128,any,102,102,20.3125,20.3125,3016072,141128,4.47,0.538361,4.407426657676697,4.427862,4.407296,0.04901,0.995385,-0.020435,226.88976531424203,225.842637,ok,
model.8.cv1,128,any,90,90,29.6875,29.6875,2959144,198056,6.2732,0.755524,4.407426657676697,4.418015,4.414464,0.018468,0.997603,-0.010588,226.88976531424203,226.345993,ok,
model.8.cv1,128,any,77,77,39.8438,39.8438,2903322,253878,8.0412,0.968468,4.407426657676697,4.403162,4.38272,0.044237,1.000969,0.004265,226.88976531424203,227.109539,ok,
model.8.cv1,128,any,64,64,50.0,50.0,2853584,303616,9.6166,1.158203,4.407426657676697,4.370163,4.353024,0.043963,1.008527,0.037264,226.88976531424203,228.824434,ok,
model.8.cv1,128,any,51,51,60.1562,60.1562,2809930,347270,10.9993,1.32473,4.407426657676697,4.419696,4.400336,0.045367,0.997224,-0.01227,226.88976531424203,226.259883,ok,
model.8.cv1,128,any,38,38,70.3125,70.3125,2772360,384840,12.1893,1.468048,4.407426657676697,4.394503,4.391936,0.014194,1.002941,0.012924,226.88976531424203,227.557023,ok,
model.8.cv1,128,any,26,26,79.6875,79.6875,2743080,414120,13.1167,1.579742,4.407426657676697,4.420712,4.403232,0.042402,0.996995,-0.013285,226.88976531424203,226.207917,ok,
model.8.cv1,128,any,13,13,89.8438,89.8438,2717210,439990,13.9361,1.678429,4.407426657676697,4.374231,4.356096,0.044724,1.007589,0.033196,226.88976531424203,228.611609,ok,
model.8.cv1,128,any,1,1,99.2188,99.2188,2698730,458470,14.5214,1.748924,4.407426657676697,4.328739,4.314192,0.038057,1.018178,0.078688,226.88976531424203,231.014171,ok,
model.8.cv1,128,even,128,128,0.0,0.0,3157200,0,0.0,0.0,4.407426657676697,4.373599,4.35384,0.047716,1.007734,0.033828,226.88976531424203,228.64464,ok,
model.8.cv1,128,even,115,114,10.1562,10.9375,3078184,79016,2.5027,0.301422,4.407426657676697,4.371752,4.355072,0.039897,1.00816,0.035675,226.88976531424203,228.741268,ok,
model.8.cv1,128,even,102,102,20.3125,20.3125,3016072,141128,4.47,0.538361,4.407426657676697,4.433187,4.413216,0.044691,0.994189,-0.02576,226.88976531424203,225.571379,ok,
model.8.cv1,128,even,90,90,29.6875,29.6875,2959144,198056,6.2732,0.755524,4.407426657676697,4.404543,4.403296,0.013155,1.000655,0.002884,226.88976531424203,227.038314,ok,
model.8.cv1,128,even,77,76,39.8438,40.625,2899280,257920,8.1693,0.983887,4.407426657676697,4.383433,4.367328,0.040686,1.005474,0.023993,226.88976531424203,228.131686,ok,
model.8.cv1,128,even,64,64,50.0,50.0,2853584,303616,9.6166,1.158203,4.407426657676697,4.374225,4.360192,0.038989,1.00759,0.033202,226.88976531424203,228.61195,ok,
model.8.cv1,128,even,51,50,60.1562,60.9375,2806824,350376,11.0977,1.336578,4.407426657676697,4.420446,4.403024,0.045406,0.997055,-0.01302,226.88976531424203,226.221492,ok,
model.8.cv1,128,even,38,38,70.3125,70.3125,2772360,384840,12.1893,1.468048,4.407426657676697,4.401236,4.38664,0.043588,1.001407,0.006191,226.88976531424203,227.208911,ok,
model.8.cv1,128,even,26,26,79.6875,79.6875,2743080,414120,13.1167,1.579742,4.407426657676697,4.413161,4.397488,0.040742,0.998701,-0.005735,226.88976531424203,226.594931,ok,
model.8.cv1,128,even,13,12,89.8438,90.625,2715472,441728,13.9911,1.685059,4.407426657676697,4.377451,4.360208,0.039775,1.006848,0.029975,226.88976531424203,228.443427,ok,
model.8.cv1,128,even,1,2,99.2188,98.4375,2700072,457128,14.4789,1.743805,4.407426657676697,4.345225,4.343808,0.016053,1.014315,0.062202,226.88976531424203,230.137698,ok,
model.8.cv1,128,odd,128,127,0.0,0.7812,3151322,5878,0.1862,0.022423,4.407426657676697,4.410272,4.39168,0.044478,0.999355,-0.002845,226.88976531424203,226.743389,ok,
model.8.cv1,128,odd,115,115,10.1562,10.1562,3083594,73606,2.3314,0.280785,4.407426657676697,4.37127,4.354928,0.043594,1.008271,0.036156,226.88976531424203,228.766448,ok,
model.8.cv1,128,odd,102,101,20.3125,21.0938,3011130,146070,4.6266,0.557213,4.407426657676697,4.369108,4.348992,0.04362,1.00877,0.038319,226.88976531424203,228.879684,ok,
model.8.cv1,128,odd,90,89,29.6875,30.4688,2954634,202566,6.416,0.772728,4.407426657676697,4.421047,4.420608,0.013154,0.996919,-0.013621,226.88976531424203,226.190752,ok,
model.8.cv1,128,odd,77,77,39.8438,39.8438,2903322,253878,8.0412,0.968468,4.407426657676697,4.420389,4.404224,0.040619,0.997068,-0.012962,226.88976531424203,226.224434,ok,
model.8.cv1,128,odd,64,63,50.0,50.7812,2850010,307190,9.7298,1.171837,4.407426657676697,4.441029,4.418624,0.051929,0.992434,-0.033602,226.88976531424203,225.173061,ok,
model.8.cv1,128,odd,51,51,60.1562,60.1562,2809930,347270,10.9993,1.32473,4.407426657676697,4.410596,4.393712,0.042316,0.999281,-0.003169,226.88976531424203,226.726731,ok,
model.8.cv1,128,odd,38,37,70.3125,71.0938,2769722,387478,12.2728,1.478111,4.407426657676697,4.400772,4.383632,0.038792,1.001512,0.006655,226.88976531424203,227.232872,ok,
model.8.cv1,128,odd,26,25,79.6875,80.4688,2740874,416326,13.1866,1.588158,4.407426657676697,4.36899,4.34984,0.043245,1.008798,0.038437,226.88976531424203,228.88587,ok,
model.8.cv1,128,odd,13,13,89.8438,89.8438,2717210,439990,13.9361,1.678429,4.407426657676697,4.370562,4.351488,0.040715,1.008435,0.036865,226.88976531424203,228.803531,ok,
model.8.cv1,128,odd,1,1,99.2188,99.2188,2698730,458470,14.5214,1.748924,4.407426657676697,4.336899,4.335712,0.012599,1.016262,0.070527,226.88976531424203,230.579489,ok,
model.8.m.0.cv1,128,any,128,128,0.0,0.0,3157200,0,0.0,0.0,4.407426657676697,4.375536,4.35928,0.040431,1.007288,0.031891,226.88976531424203,228.543435,ok,
model.8.m.0.cv1,128,any,115,115,10.1562,10.1562,3127222,29978,0.9495,0.114357,4.407426657676697,4.388991,4.370848,0.041679,1.0042,0.018436,226.88976531424203,227.842804,ok,
model.8.m.0.cv1,128,any,102,102,20.3125,20.3125,3097244,59956,1.899,0.228714,4.407426657676697,4.388595,4.367344,0.048813,1.004291,0.018832,226.88976531424203,227.863366,ok,
model.8.m.0.cv1,128,any,90,90,29.6875,29.6875,3069572,87628,2.7755,0.334274,4.407426657676697,4.379842,4.370224,0.031235,1.006298,0.027584,226.88976531424203,228.31872,ok,
model.8.m.0.cv1,128,any,77,77,39.8438,39.8438,3039594,117606,3.725,0.448631,4.407426657676697,4.38022,4.36224,0.041357,1.006211,0.027207,226.88976531424203,228.299038,ok,
model.8.m.0.cv1,128,any,64,64,50.0,50.0,3009616,147584,4.6745,0.562988,4.407426657676697,4.394056,4.376576,0.040267,1.003043,0.013371,226.88976531424203,227.580167,ok,
model.8.m.0.cv1,128,any,51,51,60.1562,60.1562,2979638,177562,5.624,0.677345,4.407426657676697,4.375323,4.373504,0.011998,1.007337,0.032103,226.88976531424203,228.554533,ok,
model.8.m.0.cv1,128,any,38,38,70.3125,70.3125,2949660,207540,6.5735,0.791702,4.407426657676697,4.406707,4.389728,0.042616,1.000163,0.000719,226.88976531424203,226.926808,ok,
model.8.m.0.cv1,128,any,26,26,79.6875,79.6875,2921988,235212,7.45,0.897263,4.407426657676697,4.390752,4.372032,0.043956,1.003798,0.016675,226.88976531424203,227.751419,ok,
model.8.m.0.cv1,128,any,13,13,89.8438,89.8438,2892010,265190,8.3995,1.01162,4.407426657676697,4.411507,4.392656,0.041469,0.999075,-0.00408,226.88976531424203,226.679914,ok,
model.8.m.0.cv1,128,any,1,1,99.2188,99.2188,2864338,292862,9.276,1.11718,4.407426657676697,4.352781,4.352,0.011334,1.012554,0.054645,226.88976531424203,229.738165,ok,
model.8.m.0.cv1,128,even,128,128,0.0,0.0,3157200,0,0.0,0.0,4.407426657676697,4.373072,4.357152,0.039772,1.007856,0.034355,226.88976531424203,228.672206,ok,
model.8.m.0.cv1,128,even,115,114,10.1562,10.9375,3124916,32284,1.0226,0.123154,4.407426657676697,4.382175,4.355968,0.074078,1.005762,0.025252,226.88976531424203,228.197211,ok,
model.8.m.0.cv1,128,even,102,102,20.3125,20.3125,3097244,59956,1.899,0.228714,4.407426657676697,4.37199,4.365872,0.027064,1.008105,0.035436,226.88976531424203,228.728779,ok,
model.8.m.0.cv1,128,even,90,90,29.6875,29.6875,3069572,87628,2.7755,0.334274,4.407426657676697,4.371262,4.351488,0.045316,1.008273,0.036165,226.88976531424203,228.766905,ok,
model.8.m.0.cv1,128,even,77,76,39.8438,40.625,3037288,119912,3.798,0.457428,4.407426657676697,4.389839,4.373184,0.039541,1.004006,0.017588,226.88976531424203,227.79878,ok,
model.8.m.0.cv1,128,even,64,64,50.0,50.0,3009616,147584,4.6745,0.562988,4.407426657676697,4.396499,4.380464,0.040776,1.002486,0.010928,226.88976531424203,227.453726,ok,
model.8.m.0.cv1,128,even,51,50,60.1562,60.9375,2977332,179868,5.6971,0.686142,4.407426657676697,4.370215,4.369408,0.011557,1.008515,0.037212,226.88976531424203,228.821698,ok,
model.8.m.0.cv1,128,even,38,38,70.3125,70.3125,2949660,207540,6.5735,0.791702,4.407426657676697,4.389282,4.371456,0.042932,1.004134,0.018144,226.88976531424203,227.827677,ok,
model.8.m.0.cv1,128,even,26,26,79.6875,79.6875,2921988,235212,7.45,0.897263,4.407426657676697,4.390025,4.36992,0.0479,1.003964,0.017402,226.88976531424203,227.789149,ok,
model.8.m.0.cv1,128,even,13,12,89.8438,90.625,2889704,267496,8.4726,1.020416,4.407426657676697,4.369214,4.354224,0.039907,1.008746,0.038212,226.88976531424203,228.874108,ok,
model.8.m.0.cv1,128,even,1,2,99.2188,98.4375,2866644,290556,9.203,1.108383,4.407426657676697,4.376867,4.361216,0.038761,1.006982,0.03056,226.88976531424203,228.47393,ok,
model.8.m.0.cv1,128,odd,128,127,0.0,0.7812,3154894,2306,0.073,0.008797,4.407426657676697,4.371182,4.35544,0.042269,1.008292,0.036245,226.88976531424203,228.771091,ok,
model.8.m.0.cv1,128,odd,115,115,10.1562,10.1562,3127222,29978,0.9495,0.114357,4.407426657676697,4.375849,4.358112,0.041975,1.007216,0.031578,226.88976531424203,228.527089,ok,
model.8.m.0.cv1,128,odd,102,101,20.3125,21.0938,3094938,62262,1.9721,0.237511,4.407426657676697,4.35526,4.354256,0.011062,1.011978,0.052166,226.88976531424203,229.607398,ok,
model.8.m.0.cv1,128,odd,90,89,29.6875,30.4688,3067266,89934,2.8485,0.343071,4.407426657676697,4.390106,4.371664,0.041883,1.003945,0.01732,226.88976531424203,227.78491,ok,
model.8.m.0.cv1,128,odd,77,77,39.8438,39.8438,3039594,117606,3.725,0.448631,4.407426657676697,4.382002,4.365344,0.044679,1.005802,0.025425,226.88976531424203,228.206192,ok,
model.8.m.0.cv1,128,odd,64,63,50.0,50.7812,3007310,149890,4.7476,0.571785,4.407426657676697,4.396131,4.3776,0.041218,1.00257,0.011296,226.88976531424203,227.472771,ok,
model.8.m.0.cv1,128,odd,51,51,60.1562,60.1562,2979638,177562,5.624,0.677345,4.407426657676697,4.368143,4.36736,0.011397,1.008993,0.039283,226.88976531424203,228.930209,ok,
model.8.m.0.cv1,128,odd,38,37,70.3125,71.0938,2947354,209846,6.6466,0.800499,4.407426657676697,4.403488,4.387376,0.040738,1.000894,0.003938,226.88976531424203,227.092683,ok,
model.8.m.0.cv1,128,odd,26,25,79.6875,80.4688,2919682,237518,7.5231,0.906059,4.407426657676697,4.385197,4.369408,0.042776,1.005069,0.022229,226.88976531424203,228.039915,ok,
model.8.m.0.cv1,128,odd,13,13,89.8438,89.8438,2892010,265190,8.3995,1.01162,4.407426657676697,4.396554,4.379648,0.040106,1.002473,0.010873,226.88976531424203,227.450883,ok,
model.8.m.0.cv1,128,odd,1,1,99.2188,99.2188,2864338,292862,9.276,1.11718,4.407426657676697,4.398767,4.3776,0.04768,1.001969,0.00866,226.88976531424203,227.336431,ok,
model.8.m.0.cv2,128,any,128,128,0.0,0.0,3157200,0,0.0,0.0,4.407426657676697,4.37316,4.354112,0.042955,1.007836,0.034267,226.88976531424203,228.667611,ok,
model.8.m.0.cv2,128,any,115,115,10.1562,10.1562,3138870,18330,0.5806,0.069923,4.407426657676697,4.359548,4.342784,0.038952,1.010982,0.047878,226.88976531424203,229.381564,ok,
model.8.m.0.cv2,128,any,102,102,20.3125,20.3125,3120540,36660,1.1612,0.139847,4.407426657676697,4.342259,4.3416,0.012122,1.015008,0.065167,226.88976531424203,230.294865,ok,
model.8.m.0.cv2,128,any,90,90,29.6875,29.6875,3103620,53580,1.6971,0.204391,4.407426657676697,4.369097,4.354048,0.039599,1.008773,0.038329,226.88976531424203,228.880221,ok,
model.8.m.0.cv2,128,any,77,77,39.8438,39.8438,3085290,71910,2.2777,0.274315,4.407426657676697,4.362549,4.341728,0.049334,1.010287,0.044877,226.88976531424203,229.223769,ok,
model.8.m.0.cv2,128,any,64,64,50.0,50.0,3066960,90240,2.8582,0.344238,4.407426657676697,4.426664,4.360352,0.111611,0.995654,-0.019237,226.88976531424203,225.903761,ok,
model.8.m.0.cv2,128,any,51,51,60.1562,60.1562,3048630,108570,3.4388,0.414162,4.407426657676697,4.380306,4.370432,0.032134,1.006192,0.027121,226.88976531424203,228.294568,ok,
model.8.m.0.cv2,128,any,38,38,70.3125,70.3125,3030300,126900,4.0194,0.484085,4.407426657676697,4.393384,4.377808,0.039317,1.003196,0.014043,226.88976531424203,227.614989,ok,
model.8.m.0.cv2,128,any,26,26,79.6875,79.6875,3013380,143820,4.5553,0.54863,4.407426657676697,4.399305,4.3776,0.048673,1.001846,0.008122,226.88976531424203,227.308633,ok,
model.8.m.0.cv2,128,any,13,13,89.8438,89.8438,2995050,162150,5.1359,0.618553,4.407426657676697,4.360886,4.360192,0.011407,1.010672,0.04654,226.88976531424203,229.311184,ok,
model.8.m.0.cv2,128,any,1,1,99.2188,99.2188,2978130,179070,5.6718,0.683098,4.407426657676697,4.390557,4.372064,0.040931,1.003842,0.01687,226.88976531424203,227.761556,ok,
model.8.m.0.cv2,128,even,128,128,0.0,0.0,3157200,0,0.0,0.0,4.407426657676697,4.365018,4.348048,0.044283,1.009716,0.042409,226.88976531424203,229.094129,ok,
model.8.m.0.cv2,128,even,115,114,10.1562,10.9375,3137460,19740,0.6252,0.075302,4.407426657676697,4.382203,4.347904,0.085146,1.005756,0.025223,226.88976531424203,228.195705,ok,
model.8.m.0.cv2,128,even,102,102,20.3125,20.3125,3120540,36660,1.1612,0.139847,4.407426657676697,4.355156,4.352,0.017917,1.012002,0.052271,226.88976531424203,229.612926,ok,
model.8.m.0.cv2,128,even,90,90,29.6875,29.6875,3103620,53580,1.6971,0.204391,4.407426657676697,4.371845,4.357088,0.03827,1.008139,0.035581,226.88976531424203,228.736369,ok,
model.8.m.0.cv2,128,even,77,76,39.8438,40.625,3083880,73320,2.3223,0.279694,4.407426657676697,4.374811,4.358144,0.039267,1.007455,0.032615,226.88976531424203,228.581287,ok,
model.8.m.0.cv2,128,even,64,64,50.0,50.0,3066960,90240,2.8582,0.344238,4.407426657676697,4.355451,4.349776,0.025906,1.011934,0.051976,226.88976531424203,229.59736,ok,
model.8.m.0.cv2,128,even,51,50,60.1562,60.9375,3047220,109980,3.4835,0.41954,4.407426657676697,4.387501,4.34912,0.08628,1.004541,0.019925,226.88976531424203,227.920159,ok,
model.8.m.0.cv2,128,even,38,38,70.3125,70.3125,3030300,126900,4.0194,0.484085,4.407426657676697,4.39929,4.380208,0.041941,1.00185,0.008137,226.88976531424203,227.309411,ok,
model.8.m.0.cv2,128,even,26,26,79.6875,79.6875,3013380,143820,4.5553,0.54863,4.407426657676697,4.392186,4.37448,0.040055,1.00347,0.015241,226.88976531424203,227.677065,ok,
model.8.m.0.cv2,128,even,13,12,89.8438,90.625,2993640,163560,5.1805,0.623932,4.407426657676697,4.357416,4.35712,0.011468,1.011477,0.050011,226.88976531424203,229.493826,ok,
model.8.m.0.cv2,128,even,1,2,99.2188,98.4375,2979540,177660,5.6271,0.677719,4.407426657676697,4.404084,4.385792,0.042584,1.000759,0.003342,226.88976531424203,227.061953,ok,
model.8.m.0.cv2,128,odd,128,127,0.0,0.7812,3155790,1410,0.0447,0.005379,4.407426657676697,4.34428,4.328448,0.040702,1.014535,0.063146,226.88976531424203,230.187719,ok,
model.8.m.0.cv2,128,odd,115,115,10.1562,10.1562,3138870,18330,0.5806,0.069923,4.407426657676697,4.357292,4.34296,0.038297,1.011506,0.050135,226.88976531424203,229.500338,ok,
model.8.m.0.cv2,128,odd,102,101,20.3125,21.0938,3119130,38070,1.2058,0.145226,4.407426657676697,4.363638,4.345616,0.04232,1.010035,0.043788,226.88976531424203,229.166564,ok,
model.8.m.0.cv2,128,odd,90,89,29.6875,30.4688,3102210,54990,1.7417,0.20977,4.407426657676697,4.365318,4.347104,0.042472,1.009646,0.042109,226.88976531424203,229.078409,ok,
model.8.m.0.cv2,128,odd,77,77,39.8438,39.8438,3085290,71910,2.2777,0.274315,4.407426657676697,4.368786,4.351072,0.041019,1.008845,0.038641,226.88976531424203,228.89655,ok,
model.8.m.0.cv2,128,odd,64,63,50.0,50.7812,3065550,91650,2.9029,0.349617,4.407426657676697,4.369232,4.369088,0.013509,1.008742,0.038195,226.88976531424203,228.873185,ok,
model.8.m.0.cv2,128,odd,51,51,60.1562,60.1562,3048630,108570,3.4388,0.414162,4.407426657676697,4.3484,4.330496,0.041084,1.013574,0.059027,226.88976531424203,229.969638,ok,
model.8.m.0.cv2,128,odd,38,37,70.3125,71.0938,3028890,128310,4.064,0.489464,4.407426657676697,4.38207,4.365312,0.040687,1.005786,0.025356,226.88976531424203,228.202643,ok,
model.8.m.0.cv2,128,odd,26,25,79.6875,80.4688,3011970,145230,4.6,0.554008,4.407426657676697,4.379605,4.36224,0.039343,1.006353,0.027822,226.88976531424203,228.331088,ok,
model.8.m.0.cv2,128,odd,13,13,89.8438,89.8438,2995050,162150,5.1359,0.618553,4.407426657676697,4.357806,4.35616,0.013311,1.011387,0.04962,226.88976531424203,229.473256,ok,
model.8.m.0.cv2,128,odd,1,1,99.2188,99.2188,2978130,179070,5.6718,0.683098,4.407426657676697,4.398859,4.38272,0.040553,1.001948,0.008567,226.88976531424203,227.331658,ok,
model.9.cv2,256,any,256,256,0.0,0.0,3157200,0,0.0,0.0,4.407426657676697,4.375623,4.357168,0.042888,1.007268,0.031804,226.88976531424203,228.538893,ok,
model.9.cv2,256,any,230,230,10.1562,10.1562,3133852,23348,0.7395,0.089066,4.407426657676697,4.369167,4.368368,0.011911,1.008757,0.03826,226.88976531424203,228.87659,ok,
model.9.cv2,256,any,205,205,19.9219,19.9219,3111402,45798,1.4506,0.174706,4.407426657676697,4.407426,4.388688,0.042667,1.0,1e-06,226.88976531424203,226.889792,ok,
model.9.cv2,256,any,179,179,30.0781,30.0781,3088054,69146,2.1901,0.263771,4.407426657676697,4.393001,4.37464,0.042045,1.003284,0.014426,226.88976531424203,227.634824,ok,
model.9.cv2,256,any,154,154,39.8438,39.8438,3065604,91596,2.9012,0.349411,4.407426657676697,4.395785,4.378384,0.041337,1.002648,0.011642,226.88976531424203,227.49065,ok,
model.9.cv2,256,any,128,128,50.0,50.0,3042256,114944,3.6407,0.438477,4.407426657676697,4.371128,4.369568,0.012587,1.008304,0.036299,226.88976531424203,228.773917,ok,
model.9.cv2,256,any,102,102,60.1562,60.1562,3018908,138292,4.3802,0.527542,4.407426657676697,4.396331,4.37616,0.05031,1.002524,0.011095,226.88976531424203,227.462378,ok,
model.9.cv2,256,any,77,77,69.9219,69.9219,2996458,160742,5.0913,0.613182,4.407426657676697,4.404299,4.38256,0.061791,1.00071,0.003128,226.88976531424203,227.050901,ok,
model.9.cv2,256,any,51,51,80.0781,80.0781,2973110,184090,5.8308,0.702248,4.407426657676697,4.405587,4.388736,0.041467,1.000418,0.00184,226.88976531424203,226.984526,ok,
model.9.cv2,256,any,26,26,89.8438,89.8438,2950660,206540,6.5419,0.787888,4.407426657676697,4.397683,4.382656,0.051054,1.002216,0.009744,226.88976531424203,227.392475,ok,
model.9.cv2,256,any,1,1,99.6094,99.6094,2928210,228990,7.2529,0.873528,4.407426657676697,4.373983,4.357248,0.040868,1.007646,0.033443,226.88976531424203,228.624555,ok,
model.9.cv2,256,even,256,256,0.0,0.0,3157200,0,0.0,0.0,4.407426657676697,4.386516,4.366336,0.058254,1.004767,0.020911,226.88976531424203,227.971358,ok,
model.9.cv2,256,even,230,230,10.1562,10.1562,3133852,23348,0.7395,0.089066,4.407426657676697,4.372075,4.363264,0.050234,1.008086,0.035352,226.88976531424203,228.724348,ok,
model.9.cv2,256,even,205,204,19.9219,20.3125,3110504,46696,1.479,0.178131,4.407426657676697,4.388495,4.375552,0.036955,1.004314,0.018932,226.88976531424203,227.868544,ok,
model.9.cv2,256,even,179,178,30.0781,30.4688,3087156,70044,2.2185,0.267197,4.407426657676697,4.384799,4.368384,0.041479,1.00516,0.022628,226.88976531424203,228.060623,ok,
model.9.cv2,256,even,154,154,39.8438,39.8438,3065604,91596,2.9012,0.349411,4.407426657676697,4.393564,4.3768,0.039487,1.003155,0.013862,226.88976531424203,227.605633,ok,
model.9.cv2,256,even,128,128,50.0,50.0,3042256,114944,3.6407,0.438477,4.407426657676697,4.374146,4.361216,0.060708,1.007608,0.03328,226.88976531424203,228.616037,ok,
model.9.cv2,256,even,102,102,60.1562,60.1562,3018908,138292,4.3802,0.527542,4.407426657676697,4.400417,4.383744,0.040729,1.001593,0.00701,226.88976531424203,227.251192,ok,
model.9.cv2,256,even,77,76,69.9219,70.3125,2995560,161640,5.1197,0.616608,4.407426657676697,4.392834,4.375552,0.041149,1.003322,0.014592,226.88976531424203,227.643452,ok,
model.9.cv2,256,even,51,50,80.0781,80.4688,2972212,184988,5.8592,0.705673,4.407426657676697,4.389632,4.381696,0.028362,1.004054,0.017795,226.88976531424203,227.809545,ok,
model.9.cv2,256,even,26,26,89.8438,89.8438,2950660,206540,6.5419,0.787888,4.407426657676697,4.403052,4.376576,0.071758,1.000993,0.004374,226.88976531424203,227.115173,ok,
model.9.cv2,256,even,1,2,99.6094,99.2188,2929108,228092,7.2245,0.870102,4.407426657676697,4.404258,4.383488,0.04364,1.000719,0.003169,226.88976531424203,227.053,ok,
model.9.cv2,256,odd,256,255,0.0,0.3906,3156302,898,0.0284,0.003426,4.407426657676697,4.384775,4.365312,0.043694,1.005166,0.022652,226.88976531424203,228.061877,ok,
model.9.cv2,256,odd,230,229,10.1562,10.5469,3132954,24246,0.768,0.092491,4.407426657676697,4.376015,4.375552,0.012154,1.007178,0.031411,226.88976531424203,228.518393,ok,
model.9.cv2,256,odd,205,205,19.9219,19.9219,3111402,45798,1.4506,0.174706,4.407426657676697,4.390931,4.373472,0.040698,1.003757,0.016496,226.88976531424203,227.742152,ok,
model.9.cv2,256,odd,179,179,30.0781,30.0781,3088054,69146,2.1901,0.263771,4.407426657676697,4.396883,4.37248,0.073952,1.002398,0.010544,226.88976531424203,227.433849,ok,
model.9.cv2,256,odd,154,153,39.8438,40.2344,3064706,92494,2.9296,0.352837,4.407426657676697,4.396173,4.383744,0.043435,1.00256,0.011253,226.88976531424203,227.470563,ok,
model.9.cv2,256,odd,128,127,50.0,50.3906,3041358,115842,3.6691,0.441902,4.407426657676697,4.451025,4.379248,0.138472,0.990205,-0.043599,226.88976531424203,224.667332,ok,
model.9.cv2,256,odd,102,101,60.1562,60.5469,3018010,139190,4.4087,0.530968,4.407426657676697,4.390082,4.375328,0.041177,1.003951,0.017344,226.88976531424203,227.786154,ok,
model.9.cv2,256,odd,77,77,69.9219,69.9219,2996458,160742,5.0913,0.613182,4.407426657676697,4.416196,4.394096,0.05424,0.998014,-0.008769,226.88976531424203,226.439218,ok,
model.9.cv2,256,odd,51,51,80.0781,80.0781,2973110,184090,5.8308,0.702248,4.407426657676697,4.390123,4.37984,0.0512,1.003942,0.017304,226.88976531424203,227.784057,ok,
model.9.cv2,256,odd,26,25,89.8438,90.2344,2949762,207438,6.5703,0.791313,4.407426657676697,4.38344,4.363168,0.045599,1.005472,0.023987,226.88976531424203,228.131325,ok,
model.9.cv2,256,odd,1,1,99.6094,99.6094,2928210,228990,7.2529,0.873528,4.407426657676697,4.3805,4.364304,0.038736,1.006147,0.026927,226.88976531424203,228.284462,ok,
model.9.cv1,128,any,128,128,0.0,0.0,3157200,0,0.0,0.0,4.407426657676697,4.364031,4.34744,0.040819,1.009944,0.043396,226.88976531424203,229.145946,ok,
model.9.cv1,128,any,115,115,10.1562,10.1562,3140534,16666,0.5279,0.063576,4.407426657676697,4.388121,4.379648,0.042059,1.004399,0.019305,226.88976531424203,227.887964,ok,
model.9.cv1,128,any,102,102,20.3125,20.3125,3123868,33332,1.0557,0.127151,4.407426657676697,4.378839,4.361216,0.041462,1.006529,0.028587,226.88976531424203,228.371018,ok,
model.9.cv1,128,any,90,90,29.6875,29.6875,3108484,48716,1.543,0.185837,4.407426657676697,4.382776,4.364448,0.042894,1.005625,0.024651,226.88976531424203,228.165915,ok,
model.9.cv1,128,any,77,77,39.8438,39.8438,3091818,65382,2.0709,0.249413,4.407426657676697,4.361118,4.357648,0.019157,1.010619,0.046309,226.88976531424203,229.298997,ok,
model.9.cv1,128,any,64,64,50.0,50.0,3075152,82048,2.5988,0.312988,4.407426657676697,4.377382,4.359168,0.044222,1.006864,0.030044,226.88976531424203,228.447028,ok,
model.9.cv1,128,any,51,51,60.1562,60.1562,3058486,98714,3.1266,0.376564,4.407426657676697,4.392681,4.375728,0.040497,1.003357,0.014746,226.88976531424203,227.651429,ok,
model.9.cv1,128,any,38,38,70.3125,70.3125,3041820,115380,3.6545,0.44014,4.407426657676697,4.392542,4.37248,0.043938,1.003389,0.014885,226.88976531424203,227.65861,ok,
model.9.cv1,128,any,26,26,79.6875,79.6875,3026436,130764,4.1418,0.498825,4.407426657676697,4.376572,4.375824,0.012806,1.00705,0.030855,226.88976531424203,228.489354,ok,
model.9.cv1,128,any,13,13,89.8438,89.8438,3009770,147430,4.6696,0.562401,4.407426657676697,4.363168,4.34528,0.041729,1.010144,0.044258,226.88976531424203,229.191245,ok,
model.9.cv1,128,any,1,1,99.2188,99.2188,2994386,162814,5.1569,0.621086,4.407426657676697,4.387669,4.368384,0.049536,1.004503,0.019758,226.88976531424203,227.911471,ok,
model.9.cv1,128,even,128,128,0.0,0.0,3157200,0,0.0,0.0,4.407426657676697,4.36305,4.347904,0.038392,1.010171,0.044377,226.88976531424203,229.19748,ok,
model.9.cv1,128,even,115,114,10.1562,10.9375,3139252,17948,0.5685,0.068466,4.407426657676697,4.386948,4.37248,0.037531,1.004668,0.020479,226.88976531424203,227.948899,ok,
model.9.cv1,128,even,102,102,20.3125,20.3125,3123868,33332,1.0557,0.127151,4.407426657676697,4.388516,4.37256,0.038792,1.004309,0.018911,226.88976531424203,227.867475,ok,
model.9.cv1,128,even,90,90,29.6875,29.6875,3108484,48716,1.543,0.185837,4.407426657676697,4.373887,4.36736,0.026809,1.007668,0.03354,226.88976531424203,228.629612,ok,
model.9.cv1,128,even,77,76,39.8438,40.625,3090536,66664,2.1115,0.254303,4.407426657676697,4.348942,4.347904,0.01124,1.013448,0.058484,226.88976531424203,229.940968,ok,
model.9.cv1,128,even,64,64,50.0,50.0,3075152,82048,2.5988,0.312988,4.407426657676697,4.370509,4.349952,0.044255,1.008447,0.036917,226.88976531424203,228.806278,ok,
model.9.cv1,128,even,51,50,60.1562,60.9375,3057204,99996,3.1672,0.381454,4.407426657676697,4.386014,4.371456,0.037596,1.004882,0.021413,226.88976531424203,227.997455,ok,
model.9.cv1,128,even,38,38,70.3125,70.3125,3041820,115380,3.6545,0.44014,4.407426657676697,4.385562,4.368384,0.042013,1.004985,0.021864,226.88976531424203,228.020923,ok,
model.9.cv1,128,even,26,26,79.6875,79.6875,3026436,130764,4.1418,0.498825,4.407426657676697,4.376656,4.368592,0.030463,1.007031,0.030771,226.88976531424203,228.484949,ok,
model.9.cv1,128,even,13,12,89.8438,90.625,3008488,148712,4.7102,0.567291,4.407426657676697,4.386345,4.370432,0.040272,1.004806,0.021081,226.88976531424203,227.980223,ok,
model.9.cv1,128,even,1,2,99.2188,98.4375,2995668,161532,5.1163,0.616196,4.407426657676697,4.377843,4.361184,0.039686,1.006758,0.029584,226.88976531424203,228.423005,ok,
model.9.cv1,128,odd,128,127,0.0,0.7812,3155918,1282,0.0406,0.00489,4.407426657676697,4.347239,4.346016,0.012081,1.013845,0.060187,226.88976531424203,230.031036,ok,
model.9.cv1,128,odd,115,115,10.1562,10.1562,3140534,16666,0.5279,0.063576,4.407426657676697,4.383464,4.364816,0.044523,1.005467,0.023963,226.88976531424203,228.130075,ok,
model.9.cv1,128,odd,102,101,20.3125,21.0938,3122586,34614,1.0964,0.132042,4.407426657676697,4.366148,4.34688,0.043579,1.009454,0.041279,226.88976531424203,229.034863,ok,
model.9.cv1,128,odd,90,89,29.6875,30.4688,3107202,49998,1.5836,0.190727,4.407426657676697,4.385882,4.367344,0.043727,1.004912,0.021545,226.88976531424203,228.004319,ok,
model.9.cv1,128,odd,77,77,39.8438,39.8438,3091818,65382,2.0709,0.249413,4.407426657676697,4.370466,4.370416,0.010609,1.008457,0.03696,226.88976531424203,228.80854,ok,
model.9.cv1,128,odd,64,63,50.0,50.7812,3073870,83330,2.6394,0.317879,4.407426657676697,4.37701,4.360192,0.041042,1.006949,0.030417,226.88976531424203,228.466463,ok,
model.9.cv1,128,odd,51,51,60.1562,60.1562,3058486,98714,3.1266,0.376564,4.407426657676697,4.396038,4.36176,0.101997,1.002591,0.011389,226.88976531424203,227.477567,ok,
model.9.cv1,128,odd,38,37,70.3125,71.0938,3040538,116662,3.6951,0.44503,4.407426657676697,4.376723,4.368528,0.033798,1.007015,0.030704,226.88976531424203,228.481441,ok,
model.9.cv1,128,odd,26,25,79.6875,80.4688,3025154,132046,4.1824,0.503716,4.407426657676697,4.391656,4.368256,0.05882,1.003591,0.015771,226.88976531424203,227.704549,ok,
model.9.cv1,128,odd,13,13,89.8438,89.8438,3009770,147430,4.6696,0.562401,4.407426657676697,4.374142,4.35712,0.042865,1.007609,0.033284,226.88976531424203,228.616249,ok,
model.9.cv1,128,odd,1,1,99.2188,99.2188,2994386,162814,5.1569,0.621086,4.407426657676697,4.382834,4.364352,0.041823,1.005611,0.024592,226.88976531424203,228.16285,ok,
model.12.cv2,128,any,128,128,0.0,0.0,3157200,0,0.0,0.0,4.407426657676697,4.350963,4.349952,0.014981,1.012977,0.056463,226.88976531424203,229.834161,ok,
model.12.cv2,128,any,115,115,10.1562,10.1562,3152182,5018,0.1589,0.019142,4.407426657676697,4.388831,4.371456,0.041726,1.004237,0.018596,226.88976531424203,227.851126,ok,
model.12.cv2,128,any,102,102,20.3125,20.3125,3147164,10036,0.3179,0.038284,4.407426657676697,4.390477,4.374368,0.040821,1.003861,0.01695,226.88976531424203,227.765679,ok,
model.12.cv2,128,any,90,90,29.6875,29.6875,3142532,14668,0.4646,0.055954,4.407426657676697,4.38554,4.366384,0.042015,1.004991,0.021886,226.88976531424203,228.022078,ok,
model.12.cv2,128,any,77,77,39.8438,39.8438,3137514,19686,0.6235,0.075096,4.407426657676697,4.374062,4.36936,0.026492,1.007628,0.033364,226.88976531424203,228.620424,ok,
model.12.cv2,128,any,64,64,50.0,50.0,3132496,24704,0.7825,0.094238,4.407426657676697,4.380398,4.36144,0.041865,1.00617,0.027029,226.88976531424203,228.28977,ok,
model.12.cv2,128,any,51,51,60.1562,60.1562,3127478,29722,0.9414,0.11338,4.407426657676697,4.371463,4.353024,0.041476,1.008227,0.035963,226.88976531424203,228.756344,ok,
model.12.cv2,128,any,38,38,70.3125,70.3125,3122460,34740,1.1003,0.132523,4.407426657676697,4.357165,4.355968,0.012102,1.011536,0.050262,226.88976531424203,229.507057,ok,
model.12.cv2,128,any,26,26,79.6875,79.6875,3117828,39372,1.2471,0.150192,4.407426657676697,4.380876,4.36528,0.039597,1.006061,0.026551,226.88976531424203,228.264863,ok,
model.12.cv2,128,any,13,13,89.8438,89.8438,3112810,44390,1.406,0.169334,4.407426657676697,4.36599,4.34704,0.042553,1.009491,0.041436,226.88976531424203,229.043111,ok,
model.12.cv2,128,any,1,1,99.2188,99.2188,3108178,49022,1.5527,0.187004,4.407426657676697,4.376754,4.358144,0.04176,1.007008,0.030672,226.88976531424203,228.479804,ok,
model.12.cv2,128,even,128,128,0.0,0.0,3157200,0,0.0,0.0,4.407426657676697,4.347524,4.346864,0.012129,1.013779,0.059903,226.88976531424203,230.015978,ok,
model.12.cv2,128,even,115,114,10.1562,10.9375,3151796,5404,0.1712,0.020615,4.407426657676697,4.385897,4.367776,0.043734,1.004909,0.02153,226.88976531424203,228.003549,ok,
model.12.cv2,128,even,102,102,20.3125,20.3125,3147164,10036,0.3179,0.038284,4.407426657676697,4.391987,4.372656,0.046468,1.003516,0.01544,226.88976531424203,227.6874,ok,
model.12.cv2,128,even,90,90,29.6875,29.6875,3142532,14668,0.4646,0.055954,4.407426657676697,4.382203,4.365312,0.040135,1.005756,0.025223,226.88976531424203,228.195717,ok,
model.12.cv2,128,even,77,76,39.8438,40.625,3137128,20072,0.6358,0.076569,4.407426657676697,4.373615,4.355696,0.041797,1.007731,0.033812,226.88976531424203,228.643814,ok,
model.12.cv2,128,even,64,64,50.0,50.0,3132496,24704,0.7825,0.094238,4.407426657676697,4.372669,4.358144,0.038281,1.007949,0.034758,226.88976531424203,228.693276,ok,
model.12.cv2,128,even,51,50,60.1562,60.9375,3127092,30108,0.9536,0.114853,4.407426657676697,4.372849,4.354704,0.041677,1.007907,0.034578,226.88976531424203,228.68387,ok,
model.12.cv2,128,even,38,38,70.3125,70.3125,3122460,34740,1.1003,0.132523,4.407426657676697,4.347897,4.34688,0.011776,1.013692,0.05953,226.88976531424203,229.996268,ok,
model.12.cv2,128,even,26,26,79.6875,79.6875,3117828,39372,1.2471,0.150192,4.407426657676697,4.382458,4.364448,0.043015,1.005697,0.024968,226.88976531424203,228.182437,ok,
model.12.cv2,128,even,13,12,89.8438,90.625,3112424,44776,1.4182,0.170807,4.407426657676697,4.371596,4.354528,0.039833,1.008196,0.035831,226.88976531424203,228.749406,ok,
model.12.cv2,128,even,1,2,99.2188,98.4375,3108564,48636,1.5405,0.185532,4.407426657676697,4.380037,4.361248,0.041746,1.006253,0.02739,226.88976531424203,228.30859,ok,
model.12.cv2,128,odd,128,127,0.0,0.7812,3156814,386,0.0122,0.001472,4.407426657676697,4.368043,4.36544,0.01786,1.009016,0.039384,226.88976531424203,228.935471,ok,
model.12.cv2,128,odd,115,115,10.1562,10.1562,3152182,5018,0.1589,0.019142,4.407426657676697,4.393187,4.378416,0.038769,1.003241,0.01424,226.88976531424203,227.625202,ok,
model.12.cv2,128,odd,102,101,20.3125,21.0938,3146778,10422,0.3301,0.039757,4.407426657676697,4.390714,4.372416,0.043808,1.003806,0.016713,226.88976531424203,227.753406,ok,
model.12.cv2,128,odd,90,89,29.6875,30.4688,3142146,15054,0.4768,0.057426,4.407426657676697,4.35471,4.354048,0.013944,1.012106,0.052716,226.88976531424203,229.636402,ok,
model.12.cv2,128,odd,77,77,39.8438,39.8438,3137514,19686,0.6235,0.075096,4.407426657676697,4.383018,4.365248,0.040824,1.005569,0.024409,226.88976531424203,228.153299,ok,
model.12.cv2,128,odd,64,63,50.0,50.7812,3132110,25090,0.7947,0.095711,4.407426657676697,4.385629,4.36736,0.041883,1.00497,0.021797,226.88976531424203,228.01744,ok,
model.12.cv2,128,odd,51,51,60.1562,60.1562,3127478,29722,0.9414,0.11338,4.407426657676697,4.378645,4.360192,0.043375,1.006573,0.028781,226.88976531424203,228.381137,ok,
model.12.cv2,128,odd,38,37,70.3125,71.0938,3122074,35126,1.1126,0.133995,4.407426657676697,4.352636,4.351936,0.013093,1.012588,0.05479,226.88976531424203,229.745811,ok,
model.12.cv2,128,odd,26,25,79.6875,80.4688,3117442,39758,1.2593,0.151665,4.407426657676697,4.373923,4.35712,0.041696,1.00766,0.033504,226.88976531424203,228.627716,ok,
model.12.cv2,128,odd,13,13,89.8438,89.8438,3112810,44390,1.406,0.169334,4.407426657676697,4.375217,4.3572,0.047883,1.007362,0.032209,226.88976531424203,228.560083,ok,
model.12.cv2,128,odd,1,1,99.2188,99.2188,3108178,49022,1.5527,0.187004,4.407426657676697,4.370218,4.360192,0.031402,1.008514,0.037208,226.88976531424203,228.821525,ok,
model.12.cv1,64,any,64,64,0.0,0.0,3157200,0,0.0,0.0,4.407426657676697,4.368395,4.35096,0.039644,1.008935,0.039032,226.88976531424203,228.917029,ok,
model.12.cv1,64,any,58,58,9.375,9.375,3137064,20136,0.6378,0.076813,4.407426657676697,4.403924,4.388864,0.04062,1.000795,0.003503,226.88976531424203,227.070214,ok,
model.12.cv1,64,any,51,51,20.3125,20.3125,3115210,41990,1.33,0.160179,4.407426657676697,4.409695,4.390912,0.043786,0.999486,-0.002268,226.88976531424203,226.773062,ok,
model.12.cv1,64,any,45,45,29.6875,29.6875,3097882,59318,1.8788,0.22628,4.407426657676697,4.392783,4.392016,0.01204,1.003333,0.014643,226.88976531424203,227.6461,ok,
model.12.cv1,64,any,38,38,40.625,40.625,3079304,77896,2.4672,0.29715,4.407426657676697,4.35738,4.341008,0.040608,1.011485,0.050046,226.88976531424203,229.495681,ok,
model.12.cv1,64,any,32,32,50.0,50.0,3064784,92416,2.9272,0.352539,4.407426657676697,4.374367,4.351088,0.052439,1.007558,0.03306,226.88976531424203,228.60453,ok,
model.12.cv1,64,any,26,26,59.375,59.375,3051560,105640,3.346,0.402985,4.407426657676697,4.368608,4.353024,0.03997,1.008886,0.038818,226.88976531424203,228.90585,ok,
model.12.cv1,64,any,19,19,70.3125,70.3125,3037770,119430,3.7828,0.455589,4.407426657676697,4.373855,4.356096,0.040685,1.007675,0.033571,226.88976531424203,228.631256,ok,
model.12.cv1,64,any,13,13,79.6875,79.6875,3027354,129846,4.1127,0.495323,4.407426657676697,4.359994,4.341872,0.043167,1.010879,0.047433,226.88976531424203,229.358106,ok,
model.12.cv1,64,any,6,6,90.625,90.625,3016840,140360,4.4457,0.535431,4.407426657676697,4.392162,4.373536,0.041047,1.003475,0.015265,226.88976531424203,227.678309,ok,
model.12.cv1,64,any,1,1,98.4375,98.4375,3010410,146790,4.6494,0.559959,4.407426657676697,4.341959,4.340832,0.014232,1.015078,0.065468,226.88976531424203,230.310797,ok,
model.12.cv1,64,even,64,64,0.0,0.0,3157200,0,0.0,0.0,4.407426657676697,4.386597,4.365808,0.05487,1.004748,0.020829,226.88976531424203,227.967129,ok,
model.12.cv1,64,even,58,58,9.375,9.375,3137064,20136,0.6378,0.076813,4.407426657676697,4.416394,4.397168,0.043902,0.997969,-0.008968,226.88976531424203,226.429051,ok,
model.12.cv1,64,even,51,50,20.3125,21.875,3112232,44968,1.4243,0.171539,4.407426657676697,4.406593,4.38992,0.041826,1.000189,0.000834,226.88976531424203,226.932713,ok,
model.12.cv1,64,even,45,44,29.6875,31.25,3095120,62080,1.9663,0.236816,4.407426657676697,4.374196,4.371264,0.020143,1.007597,0.033231,226.88976531424203,228.613438,ok,
model.12.cv1,64,even,38,38,40.625,40.625,3079304,77896,2.4672,0.29715,4.407426657676697,4.364258,4.348928,0.039148,1.009891,0.043169,226.88976531424203,229.134033,ok,
model.12.cv1,64,even,32,32,50.0,50.0,3064784,92416,2.9272,0.352539,4.407426657676697,4.363487,4.346848,0.039623,1.01007,0.04394,226.88976531424203,229.174531,ok,
model.12.cv1,64,even,26,26,59.375,59.375,3051560,105640,3.346,0.402985,4.407426657676697,4.357003,4.355424,0.012556,1.011573,0.050424,226.88976531424203,229.515559,ok,
model.12.cv1,64,even,19,18,70.3125,71.875,3035944,121256,3.8406,0.462555,4.407426657676697,4.351176,4.333584,0.041404,1.012928,0.056251,226.88976531424203,229.822943,ok,
model.12.cv1,64,even,13,12,79.6875,81.25,3025744,131456,4.1637,0.501465,4.407426657676697,4.361857,4.345968,0.039111,1.010447,0.04557,226.88976531424203,229.260171,ok,
model.12.cv1,64,even,6,6,90.625,90.625,3016840,140360,4.4457,0.535431,4.407426657676697,4.368141,4.349952,0.042604,1.008994,0.039286,226.88976531424203,228.930338,ok,
model.12.cv1,64,even,1,2,98.4375,96.875,3011624,145576,4.6109,0.555328,4.407426657676697,4.341985,4.340736,0.01241,1.015072,0.065441,226.88976531424203,230.309383,ok,
model.12.cv1,64,odd,64,63,0.0,1.5625,3153754,3446,0.1091,0.013145,4.407426657676697,4.415471,4.399056,0.042076,0.998178,-0.008044,226.88976531424203,226.476409,ok,
model.12.cv1,64,odd,58,57,9.375,10.9375,3133834,23366,0.7401,0.089134,4.407426657676697,4.412778,4.393984,0.048006,0.998787,-0.005352,226.88976531424203,226.614595,ok,
model.12.cv1,64,odd,51,51,20.3125,20.3125,3115210,41990,1.33,0.160179,4.407426657676697,4.3975,4.381744,0.040947,1.002257,0.009927,226.88976531424203,227.401953,ok,
model.12.cv1,64,odd,45,45,29.6875,29.6875,3097882,59318,1.8788,0.22628,4.407426657676697,4.394179,4.387616,0.029834,1.003015,0.013248,226.88976531424203,227.573793,ok,
model.12.cv1,64,odd,38,37,40.625,42.1875,3076794,80406,2.5468,0.306725,4.407426657676697,4.370661,4.355024,0.039511,1.008412,0.036765,226.88976531424203,228.798326,ok,
model.12.cv1,64,odd,32,31,50.0,51.5625,3062490,94710,2.9998,0.36129,4.407426657676697,4.384986,4.368288,0.041051,1.005118,0.02244,226.88976531424203,228.050881,ok,
model.12.cv1,64,odd,26,25,59.375,60.9375,3049482,107718,3.4118,0.410912,4.407426657676697,4.357592,4.357312,0.011642,1.011436,0.049834,226.88976531424203,229.484518,ok,
model.12.cv1,64,odd,19,19,70.3125,70.3125,3037770,119430,3.7828,0.455589,4.407426657676697,4.367798,4.35088,0.040908,1.009073,0.039629,226.88976531424203,228.948323,ok,
model.12.cv1,64,odd,13,13,79.6875,79.6875,3027354,129846,4.1127,0.495323,4.407426657676697,4.355202,4.337392,0.04371,1.011991,0.052224,226.88976531424203,229.61045,ok,
model.12.cv1,64,odd,6,5,90.625,92.1875,3015482,141718,4.4887,0.540611,4.407426657676697,4.35976,4.343792,0.040324,1.010933,0.047666,226.88976531424203,229.370407,ok,
model.12.cv1,64,odd,1,1,98.4375,98.4375,3010410,146790,4.6494,0.559959,4.407426657676697,4.340581,4.33664,0.017813,1.0154,0.066846,226.88976531424203,230.38391,ok,
model.12.m.0.cv1,64,any,64,64,0.0,0.0,3157200,0,0.0,0.0,4.407426657676697,4.375157,4.361184,0.037437,1.007376,0.03227,226.88976531424203,228.563237,ok,
model.12.m.0.cv1,64,any,58,58,9.375,9.375,3150276,6924,0.2193,0.026413,4.407426657676697,4.387431,4.370432,0.0409,1.004557,0.019995,226.88976531424203,227.923799,ok,
model.12.m.0.cv1,64,any,51,51,20.3125,20.3125,3142198,15002,0.4752,0.057228,4.407426657676697,4.389409,4.376576,0.037257,1.004105,0.018017,226.88976531424203,227.821089,ok,
model.12.m.0.cv1,64,any,45,45,29.6875,29.6875,3135274,21926,0.6945,0.083641,4.407426657676697,4.489501,4.489136,0.047953,0.981719,-0.082074,226.88976531424203,222.741914,ok,
model.12.m.0.cv1,64,any,38,38,40.625,40.625,3127196,30004,0.9503,0.114456,4.407426657676697,4.404783,4.391488,0.062052,1.0006,0.002644,226.88976531424203,227.025932,ok,
model.12.m.0.cv1,64,any,32,32,50.0,50.0,3120272,36928,1.1696,0.140869,4.407426657676697,4.465543,4.450304,0.051829,0.986986,-0.058116,226.88976531424203,223.936947,ok,
model.12.m.0.cv1,64,any,26,26,59.375,59.375,3113348,43852,1.389,0.167282,4.407426657676697,4.552094,4.534272,0.045364,0.96822,-0.144667,226.88976531424203,219.679125,ok,
model.12.m.0.cv1,64,any,19,19,70.3125,70.3125,3105270,51930,1.6448,0.198097,4.407426657676697,4.441468,4.441728,0.026649,0.992336,-0.034041,226.88976531424203,225.150791,ok,
model.12.m.0.cv1,64,any,13,13,79.6875,79.6875,3098346,58854,1.8641,0.22451,4.407426657676697,4.45443,4.449664,0.060662,0.989448,-0.047003,226.88976531424203,224.495627,ok,
model.12.m.0.cv1,64,any,6,6,90.625,90.625,3090268,66932,2.12,0.255325,4.407426657676697,4.480383,4.486144,0.042152,0.983716,-0.072956,226.88976531424203,223.195203,ok,
model.12.m.0.cv1,64,any,1,1,98.4375,98.4375,3084498,72702,2.3027,0.277336,4.407426657676697,4.55486,4.550656,0.05731,0.967632,-0.147433,226.88976531424203,219.545718,ok,
model.12.m.0.cv1,64,even,64,64,0.0,0.0,3157200,0,0.0,0.0,4.407426657676697,4.533012,4.52888,0.058329,0.972295,-0.125586,226.88976531424203,220.603853,ok,
model.12.m.0.cv1,64,even,58,58,9.375,9.375,3150276,6924,0.2193,0.026413,4.407426657676697,4.559503,4.554752,0.06029,0.966646,-0.152077,226.88976531424203,219.322128,ok,
model.12.m.0.cv1,64,even,51,50,20.3125,21.875,3141044,16156,0.5117,0.06163,4.407426657676697,4.53861,4.532064,0.043764,0.971096,-0.131184,226.88976531424203,220.331754,ok,
model.12.m.0.cv1,64,even,45,44,29.6875,31.25,3134120,23080,0.731,0.088043,4.407426657676697,4.529663,4.521424,0.063373,0.973014,-0.122236,226.88976531424203,220.766972,ok,
model.12.m.0.cv1,64,even,38,38,40.625,40.625,3127196,30004,0.9503,0.114456,4.407426657676697,4.540258,4.532096,0.06088,0.970744,-0.132832,226.88976531424203,220.251783,ok,
model.12.m.0.cv1,64,even,32,32,50.0,50.0,3120272,36928,1.1696,0.140869,4.407426657676697,4.499305,4.493312,0.037019,0.979579,-0.091879,226.88976531424203,222.25654,ok,
model.12.m.0.cv1,64,even,26,26,59.375,59.375,3113348,43852,1.389,0.167282,4.407426657676697,4.541313,4.527104,0.057868,0.970518,-0.133886,226.88976531424203,220.20063,ok,
model.12.m.0.cv1,64,even,19,18,70.3125,71.875,3104116,53084,1.6814,0.202499,4.407426657676697,4.527585,4.524432,0.053601,0.973461,-0.120159,226.88976531424203,220.86828,ok,
model.12.m.0.cv1,64,even,13,12,79.6875,81.25,3097192,60008,1.9007,0.228912,4.407426657676697,4.362928,4.347888,0.037003,1.010199,0.044498,226.88976531424203,229.203862,ok,
model.12.m.0.cv1,64,even,6,6,90.625,90.625,3090268,66932,2.12,0.255325,4.407426657676697,4.321733,4.318048,0.020082,1.019829,0.085694,226.88976531424203,231.388669,ok,
model.12.m.0.cv1,64,even,1,2,98.4375,96.875,3085652,71548,2.2662,0.272934,4.407426657676697,4.380725,4.354016,0.063453,1.006095,0.026702,226.88976531424203,228.272733,ok,
model.12.m.0.cv1,64,odd,64,63,0.0,1.5625,3156046,1154,0.0366,0.004402,4.407426657676697,4.380692,4.368368,0.044169,1.006103,0.026734,226.88976531424203,228.274412,ok,
model.12.m.0.cv1,64,odd,58,57,9.375,10.9375,3149122,8078,0.2559,0.030815,4.407426657676697,4.382299,4.380672,0.021181,1.005734,0.025128,226.88976531424203,228.190723,ok,
model.12.m.0.cv1,64,odd,51,51,20.3125,20.3125,3142198,15002,0.4752,0.057228,4.407426657676697,4.393665,4.375136,0.042811,1.003132,0.013762,226.88976531424203,227.600417,ok,
model.12.m.0.cv1,64,odd,45,45,29.6875,29.6875,3135274,21926,0.6945,0.083641,4.407426657676697,4.395904,4.380672,0.039952,1.002621,0.011522,226.88976531424203,227.484473,ok,
model.12.m.0.cv1,64,odd,38,37,40.625,42.1875,3126042,31158,0.9869,0.118858,4.407426657676697,4.366028,4.360016,0.030542,1.009482,0.041398,226.88976531424203,229.041113,ok,
model.12.m.0.cv1,64,odd,32,31,50.0,51.5625,3119118,38082,1.2062,0.145271,4.407426657676697,4.345969,4.34176,0.022067,1.014141,0.061458,226.88976531424203,230.098306,ok,
model.12.m.0.cv1,64,odd,26,25,59.375,60.9375,3112194,45006,1.4255,0.171684,4.407426657676697,4.354301,4.349168,0.025642,1.012201,0.053126,226.88976531424203,229.658008,ok,
model.12.m.0.cv1,64,odd,19,19,70.3125,70.3125,3105270,51930,1.6448,0.198097,4.407426657676697,4.386798,4.37248,0.039979,1.004703,0.020629,226.88976531424203,227.956719,ok,
model.12.m.0.cv1,64,odd,13,13,79.6875,79.6875,3098346,58854,1.8641,0.22451,4.407426657676697,4.35878,4.34176,0.039939,1.011161,0.048646,226.88976531424203,229.421986,ok,
model.12.m.0.cv1,64,odd,6,5,90.625,92.1875,3089114,68086,2.1565,0.259727,4.407426657676697,4.361617,4.357216,0.022405,1.010503,0.045809,226.88976531424203,229.272759,ok,
model.12.m.0.cv1,64,odd,1,1,98.4375,98.4375,3084498,72702,2.3027,0.277336,4.407426657676697,4.387942,4.371664,0.04248,1.00444,0.019484,226.88976531424203,227.897249,ok,
model.12.m.0.cv2,64,any,64,64,0.0,0.0,3157200,0,0.0,0.0,4.407426657676697,4.358158,4.337632,0.04517,1.011305,0.049269,226.88976531424203,229.454744,ok,
model.12.m.0.cv2,64,any,58,58,9.375,9.375,3152964,4236,0.1342,0.016159,4.407426657676697,4.366561,4.365312,0.012424,1.009359,0.040866,226.88976531424203,229.013178,ok,
model.12.m.0.cv2,64,any,51,51,20.3125,20.3125,3148022,9178,0.2907,0.035011,4.407426657676697,4.386096,4.368576,0.041431,1.004863,0.021331,226.88976531424203,227.993186,ok,
model.12.m.0.cv2,64,any,45,45,29.6875,29.6875,3143786,13414,0.4249,0.05117,4.407426657676697,4.399069,4.384768,0.039346,1.0019,0.008358,226.88976531424203,227.320826,ok,
model.12.m.0.cv2,64,any,38,38,40.625,40.625,3138844,18356,0.5814,0.070023,4.407426657676697,4.366633,4.347904,0.043228,1.009342,0.040794,226.88976531424203,229.009402,ok,
model.12.m.0.cv2,64,any,32,32,50.0,50.0,3134608,22592,0.7156,0.086182,4.407426657676697,4.364545,4.356096,0.027013,1.009825,0.042882,226.88976531424203,229.118953,ok,
model.12.m.0.cv2,64,any,26,26,59.375,59.375,3130372,26828,0.8497,0.102341,4.407426657676697,4.382784,4.349184,0.076294,1.005623,0.024642,226.88976531424203,228.16546,ok,
model.12.m.0.cv2,64,any,19,19,70.3125,70.3125,3125430,31770,1.0063,0.121193,4.407426657676697,4.379309,4.35432,0.072125,1.006421,0.028118,226.88976531424203,228.346543,ok,
model.12.m.0.cv2,64,any,13,13,79.6875,79.6875,3121194,36006,1.1404,0.137352,4.407426657676697,4.355517,4.343808,0.04559,1.011918,0.05191,226.88976531424203,229.593869,ok,
model.12.m.0.cv2,64,any,6,6,90.625,90.625,3116252,40948,1.297,0.156204,4.407426657676697,4.378296,4.36224,0.040611,1.006653,0.02913,226.88976531424203,228.399342,ok,
model.12.m.0.cv2,64,any,1,1,98.4375,98.4375,3112722,44478,1.4088,0.16967,4.407426657676697,4.396189,4.378576,0.041352,1.002556,0.011237,226.88976531424203,227.469724,ok,
model.12.m.0.cv2,64,even,64,64,0.0,0.0,3157200,0,0.0,0.0,4.407426657676697,4.370713,4.353024,0.046247,1.0084,0.036713,226.88976531424203,228.795597,ok,
model.12.m.0.cv2,64,even,58,58,9.375,9.375,3152964,4236,0.1342,0.016159,4.407426657676697,4.362962,4.358016,0.021184,1.010191,0.044464,226.88976531424203,229.202075,ok,
model.12.m.0.cv2,64,even,51,50,20.3125,21.875,3147316,9884,0.3131,0.037704,4.407426657676697,4.394626,4.37848,0.042812,1.002913,0.012801,226.88976531424203,227.550665,ok,
model.12.m.0.cv2,64,even,45,44,29.6875,31.25,3143080,14120,0.4472,0.053864,4.407426657676697,4.387933,4.371488,0.041269,1.004443,0.019494,226.88976531424203,227.897736,ok,
model.12.m.0.cv2,64,even,38,38,40.625,40.625,3138844,18356,0.5814,0.070023,4.407426657676697,4.347899,4.34496,0.016437,1.013691,0.059528,226.88976531424203,229.996155,ok,
model.12.m.0.cv2,64,even,32,32,50.0,50.0,3134608,22592,0.7156,0.086182,4.407426657676697,4.376131,4.357312,0.04538,1.007151,0.031295,226.88976531424203,228.512344,ok,
model.12.m.0.cv2,64,even,26,26,59.375,59.375,3130372,26828,0.8497,0.102341,4.407426657676697,4.377951,4.361696,0.043134,1.006733,0.029475,226.88976531424203,228.417345,ok,
model.12.m.0.cv2,64,even,19,18,70.3125,71.875,3124724,32476,1.0286,0.123886,4.407426657676697,4.37132,4.35112,0.045572,1.00826,0.036107,226.88976531424203,228.763857,ok,
model.12.m.0.cv2,64,even,13,12,79.6875,81.25,3120488,36712,1.1628,0.140045,4.407426657676697,4.355648,4.353536,0.023889,1.011888,0.051779,226.88976531424203,229.586969,ok,
model.12.m.0.cv2,64,even,6,6,90.625,90.625,3116252,40948,1.297,0.156204,4.407426657676697,4.399898,4.345856,0.10914,1.001711,0.007529,226.88976531424203,227.278012,ok,
model.12.m.0.cv2,64,even,1,2,98.4375,96.875,3113428,43772,1.3864,0.166977,4.407426657676697,4.396434,4.378832,0.042443,1.0025,0.010993,226.88976531424203,227.45708,ok,
model.12.m.0.cv2,64,odd,64,63,0.0,1.5625,3156494,706,0.0224,0.002693,4.407426657676697,4.394239,4.377168,0.040382,1.003001,0.013187,226.88976531424203,227.570677,ok,
model.12.m.0.cv2,64,odd,58,57,9.375,10.9375,3152258,4942,0.1565,0.018852,4.407426657676697,4.38844,4.385712,0.019797,1.004326,0.018986,226.88976531424203,227.871397,ok,
model.12.m.0.cv2,64,odd,51,51,20.3125,20.3125,3148022,9178,0.2907,0.035011,4.407426657676697,4.369986,4.349056,0.046145,1.008568,0.037441,226.88976531424203,228.833695,ok,
model.12.m.0.cv2,64,odd,45,45,29.6875,29.6875,3143786,13414,0.4249,0.05117,4.407426657676697,4.420966,4.3756,0.121203,0.996937,-0.01354,226.88976531424203,226.194899,ok,
model.12.m.0.cv2,64,odd,38,37,40.625,42.1875,3138138,19062,0.6038,0.072716,4.407426657676697,4.366692,4.350864,0.041475,1.009329,0.040735,226.88976531424203,229.00633,ok,
model.12.m.0.cv2,64,odd,32,31,50.0,51.5625,3133902,23298,0.7379,0.088875,4.407426657676697,4.419953,4.36528,0.112434,0.997166,-0.012526,226.88976531424203,226.246747,ok,
model.12.m.0.cv2,64,odd,26,25,59.375,60.9375,3129666,27534,0.8721,0.105034,4.407426657676697,4.361242,4.345952,0.037584,1.01059,0.046184,226.88976531424203,229.292469,ok,
model.12.m.0.cv2,64,odd,19,19,70.3125,70.3125,3125430,31770,1.0063,0.121193,4.407426657676697,4.381042,4.360112,0.050291,1.006022,0.026385,226.88976531424203,228.256193,ok,
model.12.m.0.cv2,64,odd,13,13,79.6875,79.6875,3121194,36006,1.1404,0.137352,4.407426657676697,4.364273,4.359744,0.020161,1.009888,0.043154,226.88976531424203,229.133233,ok,
model.12.m.0.cv2,64,odd,6,5,90.625,92.1875,3115546,41654,1.3193,0.158897,4.407426657676697,4.444217,4.387824,0.108453,0.991722,-0.03679,226.88976531424203,225.011517,ok,
model.12.m.0.cv2,64,odd,1,1,98.4375,98.4375,3112722,44478,1.4088,0.16967,4.407426657676697,4.386291,4.371456,0.038432,1.004819,0.021135,226.88976531424203,227.98304,ok,
model.15.cv2,64,any,64,64,0.0,0.0,3157200,0,0.0,0.0,4.407426657676697,4.381533,4.367936,0.037551,1.00591,0.025893,226.88976531424203,228.230598,ok,
model.15.cv2,64,any,58,58,9.375,9.375,3145380,11820,0.3744,0.04509,4.407426657676697,4.400535,4.393984,0.027948,1.001566,0.006892,226.88976531424203,227.245117,ok,
model.15.cv2,64,any,51,51,20.3125,20.3125,3131590,25610,0.8112,0.097694,4.407426657676697,4.417916,4.398912,0.04584,0.997626,-0.010489,226.88976531424203,226.351071,ok,
model.15.cv2,64,any,45,45,29.6875,29.6875,3119770,37430,1.1855,0.142784,4.407426657676697,4.420895,4.398896,0.045295,0.996954,-0.013468,226.88976531424203,226.198567,ok,
model.15.cv2,64,any,38,38,40.625,40.625,3105980,51220,1.6223,0.195389,4.407426657676697,4.374669,4.372656,0.013388,1.007488,0.032758,226.88976531424203,228.588728,ok,
model.15.cv2,64,any,32,32,50.0,50.0,3094160,63040,1.9967,0.240479,4.407426657676697,4.388047,4.368432,0.040911,1.004416,0.019379,226.88976531424203,227.891797,ok,
model.15.cv2,64,any,26,26,59.375,59.375,3082340,74860,2.3711,0.285568,4.407426657676697,4.38013,4.365232,0.038647,1.006232,0.027297,226.88976531424203,228.303741,ok,
model.15.cv2,64,any,19,19,70.3125,70.3125,3068550,88650,2.8079,0.338173,4.407426657676697,4.379458,4.375472,0.023231,1.006386,0.027968,226.88976531424203,228.33874,ok,
model.15.cv2,64,any,13,13,79.6875,79.6875,3056730,100470,3.1823,0.383263,4.407426657676697,4.358162,4.340752,0.043958,1.011304,0.049264,226.88976531424203,229.454509,ok,
model.15.cv2,64,any,6,6,90.625,90.625,3042940,114260,3.619,0.435867,4.407426657676697,4.354151,4.337536,0.039845,1.012236,0.053275,226.88976531424203,229.665885,ok,
model.15.cv2,64,any,1,1,98.4375,98.4375,3033090,124110,3.931,0.473442,4.407426657676697,4.369014,4.342304,0.083339,1.008792,0.038413,226.88976531424203,228.884607,ok,
model.15.cv2,64,even,64,64,0.0,0.0,3157200,0,0.0,0.0,4.407426657676697,4.351637,4.348912,0.020832,1.01282,0.05579,226.88976531424203,229.798577,ok,
model.15.cv2,64,even,58,58,9.375,9.375,3145380,11820,0.3744,0.04509,4.407426657676697,4.398087,4.376016,0.057334,1.002124,0.00934,226.88976531424203,227.371608,ok,
model.15.cv2,64,even,51,50,20.3125,21.875,3129620,27580,0.8736,0.105209,4.407426657676697,4.410917,4.39296,0.041841,0.999209,-0.00349,226.88976531424203,226.710249,ok,
model.15.cv2,64,even,45,44,29.6875,31.25,3117800,39400,1.2479,0.150299,4.407426657676697,4.389606,4.369552,0.04679,1.00406,0.01782,226.88976531424203,227.810864,ok,
model.15.cv2,64,even,38,38,40.625,40.625,3105980,51220,1.6223,0.195389,4.407426657676697,4.380415,4.378624,0.018948,1.006166,0.027011,226.88976531424203,228.288854,ok,
model.15.cv2,64,even,32,32,50.0,50.0,3094160,63040,1.9967,0.240479,4.407426657676697,4.385831,4.368832,0.040833,1.004924,0.021595,226.88976531424203,228.006943,ok,
model.15.cv2,64,even,26,26,59.375,59.375,3082340,74860,2.3711,0.285568,4.407426657676697,4.373495,4.354048,0.054066,1.007759,0.033932,226.88976531424203,228.650105,ok,
model.15.cv2,64,even,19,18,70.3125,71.875,3066580,90620,2.8703,0.345688,4.407426657676697,4.35202,4.33968,0.036099,1.012731,0.055406,226.88976531424203,229.778336,ok,
model.15.cv2,64,even,13,12,79.6875,81.25,3054760,102440,3.2446,0.390778,4.407426657676697,4.334886,4.331216,0.018205,1.016734,0.072541,226.88976531424203,230.686576,ok,
model.15.cv2,64,even,6,6,90.625,90.625,3042940,114260,3.619,0.435867,4.407426657676697,4.334793,4.319952,0.039097,1.016756,0.072634,226.88976531424203,230.691531,ok,
model.15.cv2,64,even,1,2,98.4375,96.875,3035060,122140,3.8686,0.465927,4.407426657676697,4.35045,4.331008,0.042123,1.013097,0.056976,226.88976531424203,229.86126,ok,
model.15.cv2,64,odd,64,63,0.0,1.5625,3155230,1970,0.0624,0.007515,4.407426657676697,4.375981,4.374784,0.012455,1.007186,0.031446,226.88976531424203,228.520192,ok,
model.15.cv2,64,odd,58,57,9.375,10.9375,3143410,13790,0.4368,0.052605,4.407426657676697,4.402953,4.376736,0.067709,1.001016,0.004474,226.88976531424203,227.120306,ok,
model.15.cv2,64,odd,51,51,20.3125,20.3125,3131590,25610,0.8112,0.097694,4.407426657676697,4.386906,4.369472,0.043053,1.004678,0.02052,226.88976531424203,227.951076,ok,
model.15.cv2,64,odd,45,45,29.6875,29.6875,3119770,37430,1.1855,0.142784,4.407426657676697,4.399143,4.383744,0.038236,1.001883,0.008283,226.88976531424203,227.316984,ok,
model.15.cv2,64,odd,38,37,40.625,42.1875,3104010,53190,1.6847,0.202904,4.407426657676697,4.362555,4.36016,0.016646,1.010286,0.044872,226.88976531424203,229.223494,ok,
model.15.cv2,64,odd,32,31,50.0,51.5625,3092190,65010,2.0591,0.247993,4.407426657676697,4.401234,4.384784,0.040843,1.001407,0.006193,226.88976531424203,227.209009,ok,
model.15.cv2,64,odd,26,25,59.375,60.9375,3080370,76830,2.4335,0.293083,4.407426657676697,4.381711,4.348928,0.087388,1.005869,0.025716,226.88976531424203,228.221376,ok,
model.15.cv2,64,odd,19,19,70.3125,70.3125,3068550,88650,2.8079,0.338173,4.407426657676697,4.385683,4.369408,0.038514,1.004958,0.021743,226.88976531424203,228.014641,ok,
model.15.cv2,64,odd,13,13,79.6875,79.6875,3056730,100470,3.1823,0.383263,4.407426657676697,4.358175,4.32448,0.078973,1.011301,0.049252,226.88976531424203,229.45384,ok,
model.15.cv2,64,odd,6,5,90.625,92.1875,3040970,116230,3.6814,0.443382,4.407426657676697,4.338308,4.323552,0.037934,1.015932,0.069119,226.88976531424203,230.504619,ok,
model.15.cv2,64,odd,1,1,98.4375,98.4375,3033090,124110,3.931,0.473442,4.407426657676697,4.334195,4.316816,0.039201,1.016896,0.073232,226.88976531424203,230.723352,ok,
model.15.cv1,32,any,32,32,0.0,0.0,3157200,0,0.0,0.0,4.407426657676697,4.346695,4.343808,0.019401,1.013972,0.060732,226.88976531424203,230.059854,ok,
model.15.cv1,32,any,29,29,9.375,9.375,3152154,5046,0.1598,0.019249,4.407426657676697,4.392307,4.371088,0.044351,1.003442,0.01512,226.88976531424203,227.670806,ok,
model.15.cv1,32,any,26,26,18.75,18.75,3147432,9768,0.3094,0.037262,4.407426657676697,4.378995,4.362096,0.04258,1.006493,0.028432,226.88976531424203,228.362895,ok,
model.15.cv1,32,any,22,22,31.25,31.25,3141640,15560,0.4928,0.059357,4.407426657676697,4.386614,4.385792,0.012555,1.004745,0.020812,226.88976531424203,227.966253,ok,
model.15.cv1,32,any,19,19,40.625,40.625,3137674,19526,0.6185,0.074486,4.407426657676697,4.411656,4.394496,0.042283,0.999041,-0.004229,226.88976531424203,226.672257,ok,
model.15.cv1,32,any,16,16,50.0,50.0,3134032,23168,0.7338,0.088379,4.407426657676697,4.384215,4.366336,0.04232,1.005294,0.023212,226.88976531424203,228.091009,ok,
model.15.cv1,32,any,13,13,59.375,59.375,3130714,26486,0.8389,0.101036,4.407426657676697,4.392999,4.371616,0.044471,1.003284,0.014428,226.88976531424203,227.634918,ok,
model.15.cv1,32,any,10,10,68.75,68.75,3127720,29480,0.9337,0.112457,4.407426657676697,4.366588,4.351088,0.038698,1.009353,0.040839,226.88976531424203,229.011756,ok,
model.15.cv1,32,any,6,6,81.25,81.25,3124232,32968,1.0442,0.125763,4.407426657676697,4.36546,4.34672,0.04355,1.009613,0.041967,226.88976531424203,229.070931,ok,
model.15.cv1,32,any,3,3,90.625,90.625,3121994,35206,1.1151,0.1343,4.407426657676697,4.337899,4.337152,0.011689,1.016028,0.069528,226.88976531424203,230.52634,ok,
model.15.cv1,32,any,1,1,96.875,96.875,3120682,36518,1.1567,0.139305,4.407426657676697,4.385531,4.36736,0.041404,1.004993,0.021896,226.88976531424203,228.022571,ok,
model.15.cv1,32,even,32,32,0.0,0.0,3157200,0,0.0,0.0,4.407426657676697,4.362757,4.346576,0.040617,1.010239,0.04467,226.88976531424203,229.212879,ok,
model.15.cv1,32,even,29,28,9.375,12.5,3150544,6656,0.2108,0.025391,4.407426657676697,4.374929,4.357216,0.041425,1.007428,0.032498,226.88976531424203,228.575151,ok,
model.15.cv1,32,even,26,26,18.75,18.75,3147432,9768,0.3094,0.037262,4.407426657676697,4.352687,4.349952,0.020987,1.012576,0.05474,226.88976531424203,229.743148,ok,
model.15.cv1,32,even,22,22,31.25,31.25,3141640,15560,0.4928,0.059357,4.407426657676697,4.399251,4.383728,0.040375,1.001859,0.008176,226.88976531424203,227.311445,ok,
model.15.cv1,32,even,19,18,40.625,43.75,3136424,20776,0.6581,0.079254,4.407426657676697,4.377694,4.36136,0.041264,1.006792,0.029732,226.88976531424203,228.430757,ok,
model.15.cv1,32,even,16,16,50.0,50.0,3134032,23168,0.7338,0.088379,4.407426657676697,4.353343,4.34768,0.02789,1.012423,0.054084,226.88976531424203,229.708518,ok,
model.15.cv1,32,even,13,12,59.375,62.5,3129680,27520,0.8717,0.10498,4.407426657676697,4.364115,4.344832,0.043119,1.009925,0.043312,226.88976531424203,229.141556,ok,
model.15.cv1,32,even,10,10,68.75,68.75,3127720,29480,0.9337,0.112457,4.407426657676697,4.369897,4.35312,0.040026,1.008588,0.037529,226.88976531424203,228.83833,ok,
model.15.cv1,32,even,6,6,81.25,81.25,3124232,32968,1.0442,0.125763,4.407426657676697,4.368365,4.352752,0.040559,1.008942,0.039062,226.88976531424203,228.91861,ok,
model.15.cv1,32,even,3,2,90.625,93.75,3121320,35880,1.1365,0.136871,4.407426657676697,4.343531,4.34264,0.012631,1.014711,0.063896,226.88976531424203,230.227447,ok,
model.15.cv1,32,even,1,2,96.875,93.75,3121320,35880,1.1365,0.136871,4.407426657676697,4.367854,4.350976,0.041146,1.00906,0.039572,226.88976531424203,228.945361,ok,
model.15.cv1,32,odd,32,31,0.0,3.125,3155482,1718,0.0544,0.006554,4.407426657676697,4.409093,4.391936,0.045308,0.999622,-0.001667,226.88976531424203,226.803994,ok,
model.15.cv1,32,odd,29,29,9.375,9.375,3152154,5046,0.1598,0.019249,4.407426657676697,4.378428,4.364288,0.039212,1.006623,0.028999,226.88976531424203,228.392482,ok,
model.15.cv1,32,odd,26,25,18.75,21.875,3145930,11270,0.357,0.042992,4.407426657676697,4.392242,4.360736,0.078852,1.003457,0.015184,226.88976531424203,227.674146,ok,
model.15.cv1,32,odd,22,21,31.25,34.375,3140282,16918,0.5359,0.064537,4.407426657676697,4.393791,4.378624,0.039671,1.003103,0.013636,226.88976531424203,227.593896,ok,
model.15.cv1,32,odd,19,19,40.625,40.625,3137674,19526,0.6185,0.074486,4.407426657676697,4.411924,4.39296,0.043486,0.998981,-0.004497,226.88976531424203,226.658502,ok,
model.15.cv1,32,odd,16,15,50.0,53.125,3132890,24310,0.77,0.092735,4.407426657676697,4.366115,4.365312,0.011634,1.009462,0.041312,226.88976531424203,229.036586,ok,
model.15.cv1,32,odd,13,13,59.375,59.375,3130714,26486,0.8389,0.101036,4.407426657676697,4.372355,4.353056,0.045434,1.008021,0.035071,226.88976531424203,228.709689,ok,
model.15.cv1,32,odd,10,9,68.75,71.875,3126794,30406,0.9631,0.11599,4.407426657676697,4.376044,4.35984,0.039894,1.007171,0.031382,226.88976531424203,228.516873,ok,
model.15.cv1,32,odd,6,5,81.25,84.375,3123450,33750,1.069,0.128746,4.407426657676697,4.395933,4.378624,0.041397,1.002615,0.011494,226.88976531424203,227.483015,ok,
model.15.cv1,32,odd,3,3,90.625,90.625,3121994,35206,1.1151,0.1343,4.407426657676697,4.36432,4.354048,0.031573,1.009877,0.043107,226.88976531424203,229.130764,ok,
model.15.cv1,32,odd,1,1,96.875,96.875,3120682,36518,1.1567,0.139305,4.407426657676697,4.366732,4.349952,0.038679,1.009319,0.040694,226.88976531424203,229.004194,ok,
model.15.m.0.cv1,32,any,32,32,0.0,0.0,3157200,0,0.0,0.0,4.407426657676697,4.414248,4.357632,0.106878,0.998455,-0.006822,226.88976531424203,226.539142,ok,
model.15.m.0.cv1,32,any,29,29,9.375,9.375,3155466,1734,0.0549,0.006615,4.407426657676697,4.342738,4.340912,0.012747,1.014896,0.064688,226.88976531424203,230.269456,ok,
model.15.m.0.cv1,32,any,26,26,18.75,18.75,3153732,3468,0.1098,0.013229,4.407426657676697,4.438581,4.365824,0.120847,0.992981,-0.031154,226.88976531424203,225.297228,ok,
model.15.m.0.cv1,32,any,22,22,31.25,31.25,3151420,5780,0.1831,0.022049,4.407426657676697,4.378883,4.36264,0.039199,1.006518,0.028543,226.88976531424203,228.368731,ok,
model.15.m.0.cv1,32,any,19,19,40.625,40.625,3149686,7514,0.238,0.028664,4.407426657676697,4.381576,4.36224,0.044436,1.0059,0.02585,226.88976531424203,228.228366,ok,
model.15.m.0.cv1,32,any,16,16,50.0,50.0,3147952,9248,0.2929,0.035278,4.407426657676697,4.341773,4.340736,0.012886,1.015121,0.065654,226.88976531424203,230.320666,ok,
model.15.m.0.cv1,32,any,13,13,59.375,59.375,3146218,10982,0.3478,0.041893,4.407426657676697,4.360224,4.342784,0.042326,1.010826,0.047202,226.88976531424203,229.345992,ok,
model.15.m.0.cv1,32,any,10,10,68.75,68.75,3144484,12716,0.4028,0.048508,4.407426657676697,4.348597,4.329504,0.048599,1.013528,0.058829,226.88976531424203,229.959214,ok,
model.15.m.0.cv1,32,any,6,6,81.25,81.25,3142172,15028,0.476,0.057327,4.407426657676697,4.336272,4.3336,0.01809,1.016409,0.071155,226.88976531424203,230.612857,ok,
model.15.m.0.cv1,32,any,3,3,90.625,90.625,3140438,16762,0.5309,0.063942,4.407426657676697,4.359665,4.340224,0.042698,1.010955,0.047762,226.88976531424203,229.375414,ok,
model.15.m.0.cv1,32,any,1,1,96.875,96.875,3139282,17918,0.5675,0.068352,4.407426657676697,4.374875,4.356448,0.043351,1.007441,0.032551,226.88976531424203,228.577944,ok,
model.15.m.0.cv1,32,even,32,32,0.0,0.0,3157200,0,0.0,0.0,4.407426657676697,4.372376,4.353984,0.044374,1.008016,0.03505,226.88976531424203,228.708591,ok,
model.15.m.0.cv1,32,even,29,28,9.375,12.5,3154888,2312,0.0732,0.00882,4.407426657676697,4.350015,4.348832,0.012706,1.013198,0.057411,226.88976531424203,229.884246,ok,
model.15.m.0.cv1,32,even,26,26,18.75,18.75,3153732,3468,0.1098,0.013229,4.407426657676697,4.360988,4.345952,0.039056,1.010649,0.046438,226.88976531424203,229.305817,ok,
model.15.m.0.cv1,32,even,22,22,31.25,31.25,3151420,5780,0.1831,0.022049,4.407426657676697,4.414655,4.371296,0.103921,0.998363,-0.007228,226.88976531424203,226.518265,ok,
model.15.m.0.cv1,32,even,19,18,40.625,43.75,3149108,8092,0.2563,0.030869,4.407426657676697,4.351318,4.337104,0.038008,1.012895,0.056109,226.88976531424203,229.815422,ok,
model.15.m.0.cv1,32,even,16,16,50.0,50.0,3147952,9248,0.2929,0.035278,4.407426657676697,4.383299,4.368384,0.038095,1.005504,0.024128,226.88976531424203,228.138669,ok,
model.15.m.0.cv1,32,even,13,12,59.375,62.5,3145640,11560,0.3661,0.044098,4.407426657676697,4.375745,4.358048,0.041324,1.00724,0.031682,226.88976531424203,228.532532,ok,
model.15.m.0.cv1,32,even,10,10,68.75,68.75,3144484,12716,0.4028,0.048508,4.407426657676697,4.382203,4.363424,0.042327,1.005756,0.025223,226.88976531424203,228.195717,ok,
model.15.m.0.cv1,32,even,6,6,81.25,81.25,3142172,15028,0.476,0.057327,4.407426657676697,4.343887,4.342944,0.011839,1.014627,0.06354,226.88976531424203,230.20858,ok,
model.15.m.0.cv1,32,even,3,2,90.625,93.75,3139860,17340,0.5492,0.066147,4.407426657676697,4.372204,4.354048,0.042262,1.008056,0.035223,226.88976531424203,228.717607,ok,
model.15.m.0.cv1,32,even,1,2,96.875,93.75,3139860,17340,0.5492,0.066147,4.407426657676697,4.35677,4.3392,0.042821,1.011627,0.050657,226.88976531424203,229.527848,ok,
model.15.m.0.cv1,32,odd,32,31,0.0,3.125,3156622,578,0.0183,0.002205,4.407426657676697,4.369922,4.352,0.048092,1.008583,0.037505,226.88976531424203,228.837057,ok,
model.15.m.0.cv1,32,odd,29,29,9.375,9.375,3155466,1734,0.0549,0.006615,4.407426657676697,4.356701,4.355856,0.013732,1.011643,0.050726,226.88976531424203,229.531467,ok,
model.15.m.0.cv1,32,odd,26,25,18.75,21.875,3153154,4046,0.1282,0.015434,4.407426657676697,4.357459,4.342784,0.038225,1.011467,0.049968,226.88976531424203,229.49154,ok,
model.15.m.0.cv1,32,odd,22,21,31.25,34.375,3150842,6358,0.2014,0.024254,4.407426657676697,4.388045,4.372432,0.040139,1.004417,0.019382,226.88976531424203,227.891914,ok,
model.15.m.0.cv1,32,odd,19,19,40.625,40.625,3149686,7514,0.238,0.028664,4.407426657676697,4.360421,4.359168,0.012102,1.01078,0.047006,226.88976531424203,229.335659,ok,
model.15.m.0.cv1,32,odd,16,15,50.0,53.125,3147374,9826,0.3112,0.037483,4.407426657676697,4.37218,4.352944,0.043256,1.008062,0.035247,226.88976531424203,228.718879,ok,
model.15.m.0.cv1,32,odd,13,13,59.375,59.375,3146218,10982,0.3478,0.041893,4.407426657676697,4.361804,4.346288,0.039674,1.010459,0.045622,226.88976531424203,229.262912,ok,
model.15.m.0.cv1,32,odd,10,9,68.75,71.875,3143906,13294,0.4211,0.050713,4.407426657676697,4.361217,4.342704,0.042608,1.010596,0.04621,226.88976531424203,229.293803,ok,
model.15.m.0.cv1,32,odd,6,5,81.25,84.375,3141594,15606,0.4943,0.059532,4.407426657676697,4.343875,4.343808,0.01287,1.01463,0.063551,226.88976531424203,230.209191,ok,
model.15.m.0.cv1,32,odd,3,3,90.625,90.625,3140438,16762,0.5309,0.063942,4.407426657676697,4.35587,4.338688,0.040425,1.011836,0.051557,226.88976531424203,229.575258,ok,
model.15.m.0.cv1,32,odd,1,1,96.875,96.875,3139282,17918,0.5675,0.068352,4.407426657676697,4.371349,4.355136,0.040189,1.008253,0.036077,226.88976531424203,228.762317,ok,
model.15.m.0.cv2,32,any,32,32,0.0,0.0,3157200,0,0.0,0.0,4.407426657676697,4.357609,4.339856,0.040708,1.011432,0.049817,226.88976531424203,229.483636,ok,
model.15.m.0.cv2,32,any,29,29,9.375,9.375,3156138,1062,0.0336,0.004051,4.407426657676697,4.359445,4.356096,0.021626,1.011006,0.047981,226.88976531424203,229.386986,ok,
model.15.m.0.cv2,32,any,26,26,18.75,18.75,3155076,2124,0.0673,0.008102,4.407426657676697,4.36394,4.348096,0.041551,1.009965,0.043486,226.88976531424203,229.150696,ok,
model.15.m.0.cv2,32,any,22,22,31.25,31.25,3153660,3540,0.1121,0.013504,4.407426657676697,4.363892,4.345856,0.041768,1.009976,0.043535,226.88976531424203,229.153239,ok,
model.15.m.0.cv2,32,any,19,19,40.625,40.625,3152598,4602,0.1458,0.017555,4.407426657676697,4.36306,4.359168,0.023005,1.010169,0.044366,226.88976531424203,229.196926,ok,
model.15.m.0.cv2,32,any,16,16,50.0,50.0,3151536,5664,0.1794,0.021606,4.407426657676697,4.374227,4.355024,0.042941,1.00759,0.0332,226.88976531424203,228.611832,ok,
model.15.m.0.cv2,32,any,13,13,59.375,59.375,3150474,6726,0.213,0.025658,4.407426657676697,4.369679,4.349952,0.041331,1.008639,0.037748,226.88976531424203,228.849788,ok,
model.15.m.0.cv2,32,any,10,10,68.75,68.75,3149412,7788,0.2467,0.029709,4.407426657676697,4.411178,4.370944,0.08569,0.99915,-0.003751,226.88976531424203,226.696807,ok,
model.15.m.0.cv2,32,any,6,6,81.25,81.25,3147996,9204,0.2915,0.03511,4.407426657676697,4.355188,4.353024,0.011852,1.011994,0.052238,226.88976531424203,229.611193,ok,
model.15.m.0.cv2,32,any,3,3,90.625,90.625,3146934,10266,0.3252,0.039162,4.407426657676697,4.38439,4.36896,0.040007,1.005254,0.023037,226.88976531424203,228.081923,ok,
model.15.m.0.cv2,32,any,1,1,96.875,96.875,3146226,10974,0.3476,0.041862,4.407426657676697,4.379475,4.362336,0.042622,1.006382,0.027952,226.88976531424203,228.337878,ok,
model.15.m.0.cv2,32,even,32,32,0.0,0.0,3157200,0,0.0,0.0,4.407426657676697,4.377272,4.362128,0.039295,1.006889,0.030155,226.88976531424203,228.452785,ok,
model.15.m.0.cv2,32,even,29,28,9.375,12.5,3155784,1416,0.0448,0.005402,4.407426657676697,4.364376,4.348448,0.03875,1.009864,0.04305,226.88976531424203,229.127807,ok,
model.15.m.0.cv2,32,even,26,26,18.75,18.75,3155076,2124,0.0673,0.008102,4.407426657676697,4.365407,4.349024,0.042139,1.009626,0.04202,226.88976531424203,229.073718,ok,
model.15.m.0.cv2,32,even,22,22,31.25,31.25,3153660,3540,0.1121,0.013504,4.407426657676697,4.371697,4.352896,0.043681,1.008173,0.03573,226.88976531424203,228.744142,ok,
model.15.m.0.cv2,32,even,19,18,40.625,43.75,3152244,4956,0.157,0.018906,4.407426657676697,4.365296,4.34672,0.075319,1.009651,0.042131,226.88976531424203,229.079539,ok,
model.15.m.0.cv2,32,even,16,16,50.0,50.0,3151536,5664,0.1794,0.021606,4.407426657676697,4.360431,4.344896,0.037904,1.010778,0.046996,226.88976531424203,229.335152,ok,
model.15.m.0.cv2,32,even,13,12,59.375,62.5,3150120,7080,0.2242,0.027008,4.407426657676697,4.37649,4.358224,0.042648,1.007069,0.030937,226.88976531424203,228.493615,ok,
model.15.m.0.cv2,32,even,10,10,68.75,68.75,3149412,7788,0.2467,0.029709,4.407426657676697,4.362904,4.3448,0.041287,1.010205,0.044523,226.88976531424203,229.205135,ok,
model.15.m.0.cv2,32,even,6,6,81.25,81.25,3147996,9204,0.2915,0.03511,4.407426657676697,4.362782,4.353984,0.031184,1.010233,0.044644,226.88976531424203,229.211529,ok,
model.15.m.0.cv2,32,even,3,2,90.625,93.75,3146580,10620,0.3364,0.040512,4.407426657676697,4.363198,4.347904,0.038567,1.010137,0.044228,226.88976531424203,229.189669,ok,
model.15.m.0.cv2,32,even,1,2,96.875,93.75,3146580,10620,0.3364,0.040512,4.407426657676697,4.36833,4.350272,0.041314,1.00895,0.039097,226.88976531424203,228.920449,ok,
model.15.m.0.cv2,32,odd,32,31,0.0,3.125,3156846,354,0.0112,0.00135,4.407426657676697,4.342775,4.341632,0.012747,1.014887,0.064652,226.88976531424203,230.267511,ok,
model.15.m.0.cv2,32,odd,29,29,9.375,9.375,3156138,1062,0.0336,0.004051,4.407426657676697,4.373629,4.356176,0.040996,1.007728,0.033798,226.88976531424203,228.643072,ok,
model.15.m.0.cv2,32,odd,26,25,18.75,21.875,3154722,2478,0.0785,0.009453,4.407426657676697,4.353959,4.334592,0.042377,1.01228,0.053468,226.88976531424203,229.676052,ok,
model.15.m.0.cv2,32,odd,22,21,31.25,34.375,3153306,3894,0.1233,0.014854,4.407426657676697,4.367466,4.35088,0.042935,1.00915,0.03996,226.88976531424203,228.965703,ok,
model.15.m.0.cv2,32,odd,19,19,40.625,40.625,3152598,4602,0.1458,0.017555,4.407426657676697,4.343543,4.344368,0.01194,1.014708,0.063884,226.88976531424203,230.226802,ok,
model.15.m.0.cv2,32,odd,16,15,50.0,53.125,3151182,6018,0.1906,0.022957,4.407426657676697,4.363531,4.349344,0.038842,1.01006,0.043895,226.88976531424203,229.172189,ok,
model.15.m.0.cv2,32,odd,13,13,59.375,59.375,3150474,6726,0.213,0.025658,4.407426657676697,4.364723,4.346464,0.04853,1.009784,0.042704,226.88976531424203,229.109614,ok,
model.15.m.0.cv2,32,odd,10,9,68.75,71.875,3149058,8142,0.2579,0.031059,4.407426657676697,4.367255,4.36008,0.02966,1.009198,0.040172,226.88976531424203,228.976782,ok,
model.15.m.0.cv2,32,odd,6,5,81.25,84.375,3147642,9558,0.3027,0.036461,4.407426657676697,4.364623,4.343872,0.049278,1.009807,0.042804,226.88976531424203,229.114866,ok,
model.15.m.0.cv2,32,odd,3,3,90.625,90.625,3146934,10266,0.3252,0.039162,4.407426657676697,4.37059,4.353792,0.041611,1.008428,0.036837,226.88976531424203,228.802068,ok,
model.15.m.0.cv2,32,odd,1,1,96.875,96.875,3146226,10974,0.3476,0.041862,4.407426657676697,4.393847,4.3736,0.045108,1.003091,0.01358,226.88976531424203,227.590997,ok,
model.16,64,any,64,64,0.0,0.0,3157200,0,0.0,0.0,4.407426657676697,4.350146,4.348128,0.013518,1.013167,0.05728,226.88976531424203,229.877324,ok,
model.16,64,any,58,58,9.375,9.375,3152964,4236,0.1342,0.016159,4.407426657676697,4.42213,4.388624,0.077996,0.996675,-0.014704,226.88976531424203,226.135345,ok,
model.16,64,any,51,51,20.3125,20.3125,3148022,9178,0.2907,0.035011,4.407426657676697,4.375701,4.361184,0.039745,1.00725,0.031725,226.88976531424203,228.534787,ok,
model.16,64,any,45,45,29.6875,29.6875,3143786,13414,0.4249,0.05117,4.407426657676697,4.40948,4.388864,0.047594,0.999534,-0.002053,226.88976531424203,226.784127,ok,
model.16,64,any,38,38,40.625,40.625,3138844,18356,0.5814,0.070023,4.407426657676697,4.364222,4.361184,0.022808,1.0099,0.043204,226.88976531424203,229.135894,ok,
model.16,64,any,32,32,50.0,50.0,3134608,22592,0.7156,0.086182,4.407426657676697,4.377029,4.360752,0.038417,1.006945,0.030397,226.88976531424203,228.46545,ok,
model.16,64,any,26,26,59.375,59.375,3130372,26828,0.8497,0.102341,4.407426657676697,4.41088,4.390752,0.046818,0.999217,-0.003454,226.88976531424203,226.712108,ok,
model.16,64,any,19,19,70.3125,70.3125,3125430,31770,1.0063,0.121193,4.407426657676697,4.414188,4.401216,0.036852,0.998468,-0.006762,226.88976531424203,226.542213,ok,
model.16,64,any,13,13,79.6875,79.6875,3121194,36006,1.1404,0.137352,4.407426657676697,4.398819,4.381216,0.040804,1.001957,0.008608,226.88976531424203,227.333757,ok,
model.16,64,any,6,6,90.625,90.625,3116252,40948,1.297,0.156204,4.407426657676697,4.401791,4.38272,0.045957,1.00128,0.005636,226.88976531424203,227.18028,ok,
model.16,64,any,1,1,98.4375,98.4375,3112722,44478,1.4088,0.16967,4.407426657676697,4.388356,4.371392,0.040828,1.004346,0.01907,226.88976531424203,227.875756,ok,
model.16,64,even,64,64,0.0,0.0,3157200,0,0.0,0.0,4.407426657676697,4.353619,4.353024,0.012856,1.012359,0.053808,226.88976531424203,229.693987,ok,
model.16,64,even,58,58,9.375,9.375,3152964,4236,0.1342,0.016159,4.407426657676697,4.439216,4.370272,0.119479,0.992839,-0.031789,226.88976531424203,225.265023,ok,
model.16,64,even,51,50,20.3125,21.875,3147316,9884,0.3131,0.037704,4.407426657676697,4.407567,4.38272,0.061254,0.999968,-0.00014,226.88976531424203,226.882561,ok,
model.16,64,even,45,44,29.6875,31.25,3143080,14120,0.4472,0.053864,4.407426657676697,4.373577,4.358528,0.039674,1.00774,0.03385,226.88976531424203,228.645805,ok,
model.16,64,even,38,38,40.625,40.625,3138844,18356,0.5814,0.070023,4.407426657676697,4.428339,4.378624,0.101106,0.995278,-0.020912,226.88976531424203,225.818305,ok,
model.16,64,even,32,32,50.0,50.0,3134608,22592,0.7156,0.086182,4.407426657676697,4.369874,4.352992,0.043369,1.008594,0.037553,226.88976531424203,228.839565,ok,
model.16,64,even,26,26,59.375,59.375,3130372,26828,0.8497,0.102341,4.407426657676697,4.425058,4.406128,0.043881,0.996016,-0.017631,226.88976531424203,225.985764,ok,
model.16,64,even,19,18,70.3125,71.875,3124724,32476,1.0286,0.123886,4.407426657676697,4.495498,4.376064,0.150718,0.980409,-0.088072,226.88976531424203,222.444754,ok,
model.16,64,even,13,12,79.6875,81.25,3120488,36712,1.1628,0.140045,4.407426657676697,4.41347,4.396992,0.041688,0.998631,-0.006043,226.88976531424203,226.579094,ok,
model.16,64,even,6,6,90.625,90.625,3116252,40948,1.297,0.156204,4.407426657676697,4.389663,4.374,0.040328,1.004047,0.017764,226.88976531424203,227.807919,ok,
model.16,64,even,1,2,98.4375,96.875,3113428,43772,1.3864,0.166977,4.407426657676697,4.407127,4.386816,0.047577,1.000068,0.0003,226.88976531424203,226.905202,ok,
model.16,64,odd,64,63,0.0,1.5625,3156494,706,0.0224,0.002693,4.407426657676697,4.367542,4.352,0.039919,1.009132,0.039884,226.88976531424203,228.961727,ok,
model.16,64,odd,58,57,9.375,10.9375,3152258,4942,0.1565,0.018852,4.407426657676697,4.381287,4.364384,0.040079,1.005966,0.026139,226.88976531424203,228.243423,ok,
model.16,64,odd,51,51,20.3125,20.3125,3148022,9178,0.2907,0.035011,4.407426657676697,4.382764,4.363312,0.043305,1.005627,0.024663,226.88976531424203,228.166537,ok,
model.16,64,odd,45,45,29.6875,29.6875,3143786,13414,0.4249,0.05117,4.407426657676697,4.365395,4.364288,0.012412,1.009628,0.042032,226.88976531424203,229.074362,ok,
model.16,64,odd,38,37,40.625,42.1875,3138138,19062,0.6038,0.072716,4.407426657676697,4.374538,4.354176,0.044766,1.007518,0.032889,226.88976531424203,228.595578,ok,
model.16,64,odd,32,31,50.0,51.5625,3133902,23298,0.7379,0.088875,4.407426657676697,4.398091,4.376512,0.049333,1.002123,0.009336,226.88976531424203,227.371376,ok,
model.16,64,odd,26,25,59.375,60.9375,3129666,27534,0.8721,0.105034,4.407426657676697,4.396488,4.379424,0.042788,1.002488,0.010938,226.88976531424203,227.454255,ok,
model.16,64,odd,19,19,70.3125,70.3125,3125430,31770,1.0063,0.121193,4.407426657676697,4.371621,4.370432,0.012215,1.008191,0.035806,226.88976531424203,228.748106,ok,
model.16,64,odd,13,13,79.6875,79.6875,3121194,36006,1.1404,0.137352,4.407426657676697,4.38672,4.371456,0.037727,1.00472,0.020707,226.88976531424203,227.960754,ok,
model.16,64,odd,6,5,90.625,92.1875,3115546,41654,1.3193,0.158897,4.407426657676697,4.405802,4.385776,0.048338,1.000369,0.001625,226.88976531424203,226.973436,ok,
model.16,64,odd,1,1,98.4375,98.4375,3112722,44478,1.4088,0.16967,4.407426657676697,4.360284,4.359168,0.013196,1.010812,0.047143,226.88976531424203,229.342868,ok,
model.18.cv2,128,any,128,128,0.0,0.0,3157200,0,0.0,0.0,4.407426657676697,4.371873,4.347904,0.050266,1.008132,0.035553,226.88976531424203,228.734906,ok,
model.18.cv2,128,any,115,115,10.1562,10.1562,3122854,34346,1.0879,0.13102,4.407426657676697,4.359142,4.343824,0.039315,1.011077,0.048284,226.88976531424203,229.402931,ok,
model.18.cv2,128,any,102,102,20.3125,20.3125,3088508,68692,2.1757,0.262039,4.407426657676697,4.401765,4.38368,0.04165,1.001286,0.005662,226.88976531424203,227.181617,ok,
model.18.cv2,128,any,90,90,29.6875,29.6875,3056804,100396,3.1799,0.38298,4.407426657676697,4.372126,4.371456,0.012904,1.008074,0.0353,226.88976531424203,228.721659,ok,
model.18.cv2,128,any,77,77,39.8438,39.8438,3022458,134742,4.2678,0.514,4.407426657676697,4.393908,4.378624,0.04163,1.003077,0.013519,226.88976531424203,227.587852,ok,
model.18.cv2,128,any,64,64,50.0,50.0,2988112,169088,5.3556,0.64502,4.407426657676697,4.3745,4.35992,0.038929,1.007527,0.032927,226.88976531424203,228.59758,ok,
model.18.cv2,128,any,51,51,60.1562,60.1562,2953766,203434,6.4435,0.776039,4.407426657676697,4.390191,4.381728,0.028404,1.003926,0.017236,226.88976531424203,227.780521,ok,
model.18.cv2,128,any,38,38,70.3125,70.3125,2919420,237780,7.5314,0.907059,4.407426657676697,4.421056,4.4032,0.040804,0.996917,-0.01363,226.88976531424203,226.190282,ok,
model.18.cv2,128,any,26,26,79.6875,79.6875,2887716,269484,8.5355,1.028,4.407426657676697,4.416817,4.400176,0.04103,0.997874,-0.00939,226.88976531424203,226.407401,ok,
model.18.cv2,128,any,13,13,89.8438,89.8438,2853370,303830,9.6234,1.159019,4.407426657676697,4.353827,4.338672,0.040581,1.012311,0.053599,226.88976531424203,229.682979,ok,
model.18.cv2,128,any,1,1,99.2188,99.2188,2821666,335534,10.6276,1.279961,4.407426657676697,4.333847,4.33344,0.012421,1.016978,0.073579,226.88976531424203,230.74186,ok,
model.18.cv2,128,even,128,128,0.0,0.0,3157200,0,0.0,0.0,4.407426657676697,4.38493,4.36736,0.042147,1.00513,0.022497,226.88976531424203,228.053821,ok,
model.18.cv2,128,even,115,114,10.1562,10.9375,3120212,36988,1.1715,0.141098,4.407426657676697,4.374762,4.354128,0.047781,1.007467,0.032664,226.88976531424203,228.58384,ok,
model.18.cv2,128,even,102,102,20.3125,20.3125,3088508,68692,2.1757,0.262039,4.407426657676697,4.386193,4.371456,0.038818,1.004841,0.021234,226.88976531424203,227.988157,ok,
model.18.cv2,128,even,90,90,29.6875,29.6875,3056804,100396,3.1799,0.38298,4.407426657676697,4.385396,4.382688,0.021649,1.005024,0.022031,226.88976531424203,228.029587,ok,
model.18.cv2,128,even,77,76,39.8438,40.625,3019816,137384,4.3515,0.524078,4.407426657676697,4.370717,4.358144,0.053601,1.008399,0.03671,226.88976531424203,228.795428,ok,
model.18.cv2,128,even,64,64,50.0,50.0,2988112,169088,5.3556,0.64502,4.407426657676697,4.411384,4.3692,0.111883,0.999103,-0.003958,226.88976531424203,226.686213,ok,
model.18.cv2,128,even,51,50,60.1562,60.9375,2951124,206076,6.5272,0.786118,4.407426657676697,4.38487,4.375408,0.032661,1.005144,0.022557,226.88976531424203,228.056928,ok,
model.18.cv2,128,even,38,38,70.3125,70.3125,2919420,237780,7.5314,0.907059,4.407426657676697,4.497168,4.409904,0.154591,0.980045,-0.089741,226.88976531424203,222.362178,ok,
model.18.cv2,128,even,26,26,79.6875,79.6875,2887716,269484,8.5355,1.028,4.407426657676697,4.400619,4.383744,0.041615,1.001547,0.006808,226.88976531424203,227.24077,ok,
model.18.cv2,128,even,13,12,89.8438,90.625,2850728,306472,9.7071,1.169098,4.407426657676697,4.351543,4.327536,0.065105,1.012842,0.055884,226.88976531424203,229.803564,ok,
model.18.cv2,128,even,1,2,99.2188,98.4375,2824308,332892,10.5439,1.269882,4.407426657676697,4.337847,4.315424,0.083666,1.01604,0.06958,226.88976531424203,230.529111,ok,
model.18.cv2,128,odd,128,127,0.0,0.7812,3154558,2642,0.0837,0.010078,4.407426657676697,4.4437,4.399424,0.090691,0.991837,-0.036273,226.88976531424203,225.037718,ok,
model.18.cv2,128,odd,115,115,10.1562,10.1562,3122854,34346,1.0879,0.13102,4.407426657676697,4.372327,4.354048,0.049092,1.008028,0.0351,226.88976531424203,228.71119,ok,
model.18.cv2,128,odd,102,101,20.3125,21.0938,3085866,71334,2.2594,0.272118,4.407426657676697,4.391866,4.37136,0.046635,1.003543,0.01556,226.88976531424203,227.693633,ok,
model.18.cv2,128,odd,90,89,29.6875,30.4688,3054162,103038,3.2636,0.393059,4.407426657676697,4.420325,4.399104,0.043784,0.997082,-0.012899,226.88976531424203,226.227687,ok,
model.18.cv2,128,odd,77,77,39.8438,39.8438,3022458,134742,4.2678,0.514,4.407426657676697,4.410637,4.392976,0.041847,0.999272,-0.00321,226.88976531424203,226.724642,ok,
model.18.cv2,128,odd,64,63,50.0,50.7812,2985470,171730,5.4393,0.655098,4.407426657676697,4.383188,4.3796,0.023272,1.00553,0.024238,226.88976531424203,228.144432,ok,
model.18.cv2,128,odd,51,51,60.1562,60.1562,2953766,203434,6.4435,0.776039,4.407426657676697,4.412022,4.39496,0.041461,0.998959,-0.004595,226.88976531424203,226.653472,ok,
model.18.cv2,128,odd,38,37,70.3125,71.0938,2916778,240422,7.615,0.917137,4.407426657676697,4.401675,4.38272,0.04378,1.001307,0.005752,226.88976531424203,227.186253,ok,
model.18.cv2,128,odd,26,25,79.6875,80.4688,2885074,272126,8.6192,1.038078,4.407426657676697,4.414378,4.396032,0.04773,0.998425,-0.006951,226.88976531424203,226.532474,ok,
model.18.cv2,128,odd,13,13,89.8438,89.8438,2853370,303830,9.6234,1.159019,4.407426657676697,4.338467,4.32072,0.040754,1.015895,0.06896,226.88976531424203,230.496164,ok,
model.18.cv2,128,odd,1,1,99.2188,99.2188,2821666,335534,10.6276,1.279961,4.407426657676697,4.314828,4.311744,0.021142,1.021461,0.092599,226.88976531424203,231.758945,ok,
model.18.cv1,64,any,64,64,0.0,0.0,3157200,0,0.0,0.0,4.407426657676697,4.368198,4.352,0.040767,1.008981,0.039229,226.88976531424203,228.927375,ok,
model.18.cv1,64,any,58,58,9.375,9.375,3139368,17832,0.5648,0.068024,4.407426657676697,4.410785,4.393984,0.041777,0.999239,-0.003358,226.88976531424203,226.71702,ok,
model.18.cv1,64,any,51,51,20.3125,20.3125,3120202,36998,1.1719,0.141136,4.407426657676697,4.365893,4.364368,0.012262,1.009513,0.041534,226.88976531424203,229.048214,ok,
model.18.cv1,64,any,45,45,29.6875,29.6875,3105178,52022,1.6477,0.198448,4.407426657676697,4.405745,4.38168,0.050543,1.000382,0.001682,226.88976531424203,226.976392,ok,
model.18.cv1,64,any,38,38,40.625,40.625,3089288,67912,2.151,0.259064,4.407426657676697,4.350223,4.334592,0.039626,1.01315,0.057204,226.88976531424203,229.873299,ok,
model.18.cv1,64,any,32,32,50.0,50.0,3077072,80128,2.5379,0.305664,4.407426657676697,4.356971,4.339632,0.039966,1.01158,0.050455,226.88976531424203,229.51724,ok,
model.18.cv1,64,any,26,26,59.375,59.375,3066152,91048,2.8838,0.347321,4.407426657676697,4.330828,4.329472,0.012288,1.017687,0.076599,226.88976531424203,230.90272,ok,
model.18.cv1,64,any,19,19,70.3125,70.3125,3055050,102150,3.2355,0.389671,4.407426657676697,4.353664,4.335616,0.040655,1.012349,0.053763,226.88976531424203,229.691593,ok,
model.18.cv1,64,any,13,13,79.6875,79.6875,3046938,110262,3.4924,0.420616,4.407426657676697,4.34752,4.330368,0.045402,1.01378,0.059907,226.88976531424203,230.016215,ok,
model.18.cv1,64,any,6,6,90.625,90.625,3039112,118088,3.7403,0.45047,4.407426657676697,4.344993,4.3264,0.044744,1.014369,0.062433,226.88976531424203,230.149959,ok,
model.18.cv1,64,any,1,1,98.4375,98.4375,3034602,122598,3.8831,0.467674,4.407426657676697,4.323494,4.316192,0.028622,1.019413,0.083933,226.88976531424203,231.294436,ok,
model.18.cv1,64,even,64,64,0.0,0.0,3157200,0,0.0,0.0,4.407426657676697,4.345919,4.331008,0.039295,1.014153,0.061507,226.88976531424203,230.100904,ok,
model.18.cv1,64,even,58,58,9.375,9.375,3139368,17832,0.5648,0.068024,4.407426657676697,4.405785,4.387072,0.044246,1.000373,0.001642,226.88976531424203,226.974332,ok,
model.18.cv1,64,even,51,50,20.3125,21.875,3117608,39592,1.254,0.151031,4.407426657676697,4.37259,4.371456,0.014458,1.007967,0.034837,226.88976531424203,228.697426,ok,
model.18.cv1,64,even,45,44,29.6875,31.25,3102800,54400,1.723,0.20752,4.407426657676697,4.381712,4.363984,0.042609,1.005869,0.025715,226.88976531424203,228.221292,ok,
model.18.cv1,64,even,38,38,40.625,40.625,3089288,67912,2.151,0.259064,4.407426657676697,4.373236,4.35424,0.047382,1.007818,0.03419,226.88976531424203,228.663606,ok,
model.18.cv1,64,even,32,32,50.0,50.0,3077072,80128,2.5379,0.305664,4.407426657676697,4.364362,4.347296,0.042775,1.009867,0.043065,226.88976531424203,229.12858,ok,
model.18.cv1,64,even,26,26,59.375,59.375,3066152,91048,2.8838,0.347321,4.407426657676697,4.336889,4.332544,0.026071,1.016265,0.070538,226.88976531424203,230.580056,ok,
model.18.cv1,64,even,19,18,70.3125,71.875,3053608,103592,3.2811,0.395172,4.407426657676697,4.336399,4.319296,0.04176,1.016379,0.071028,226.88976531424203,230.606106,ok,
model.18.cv1,64,even,13,12,79.6875,81.25,3045712,111488,3.5312,0.425293,4.407426657676697,4.381839,4.321856,0.126177,1.00584,0.025588,226.88976531424203,228.214703,ok,
model.18.cv1,64,even,6,6,90.625,90.625,3039112,118088,3.7403,0.45047,4.407426657676697,4.333508,4.32032,0.039616,1.017058,0.073919,226.88976531424203,230.759955,ok,
model.18.cv1,64,even,1,2,98.4375,96.875,3035432,121768,3.8568,0.464508,4.407426657676697,4.362288,4.344288,0.044539,1.010348,0.045139,226.88976531424203,229.237512,ok,
model.18.cv1,64,odd,64,63,0.0,1.5625,3154138,3062,0.097,0.011681,4.407426657676697,4.408181,4.389888,0.043925,0.999829,-0.000754,226.88976531424203,226.850956,ok,
model.18.cv1,64,odd,58,57,9.375,10.9375,3136522,20678,0.6549,0.07888,4.407426657676697,4.395089,4.37736,0.042354,1.002807,0.012337,226.88976531424203,227.526664,ok,
model.18.cv1,64,odd,51,51,20.3125,20.3125,3120202,36998,1.1719,0.141136,4.407426657676697,4.392106,4.390912,0.013259,1.003488,0.015321,226.88976531424203,227.681223,ok,
model.18.cv1,64,odd,45,45,29.6875,29.6875,3105178,52022,1.6477,0.198448,4.407426657676697,4.416114,4.399536,0.04043,0.998033,-0.008688,226.88976531424203,226.443406,ok,
model.18.cv1,64,odd,38,37,40.625,42.1875,3087162,70038,2.2184,0.267174,4.407426657676697,4.36824,4.336608,0.09541,1.008971,0.039187,226.88976531424203,228.925156,ok,
model.18.cv1,64,odd,32,31,50.0,51.5625,3075162,82038,2.5984,0.31295,4.407426657676697,4.370062,4.352,0.042712,1.00855,0.037365,226.88976531424203,228.829707,ok,
model.18.cv1,64,odd,26,25,59.375,60.9375,3064458,92742,2.9375,0.353783,4.407426657676697,4.348663,4.333552,0.03983,1.013513,0.058764,226.88976531424203,229.955734,ok,
model.18.cv1,64,odd,19,19,70.3125,70.3125,3055050,102150,3.2355,0.389671,4.407426657676697,4.391614,4.339824,0.104914,1.003601,0.015813,226.88976531424203,227.706717,ok,
model.18.cv1,64,odd,13,13,79.6875,79.6875,3046938,110262,3.4924,0.420616,4.407426657676697,4.364086,4.344784,0.042943,1.009931,0.043341,226.88976531424203,229.143067,ok,
model.18.cv1,64,odd,6,5,90.625,92.1875,3038138,119062,3.7711,0.454185,4.407426657676697,4.342174,4.338688,0.017431,1.015028,0.065252,226.88976531424203,230.299369,ok,
model.18.cv1,64,odd,1,1,98.4375,98.4375,3034602,122598,3.8831,0.467674,4.407426657676697,4.436303,4.340176,0.153214,0.993491,-0.028876,226.88976531424203,225.412925,ok,
model.18.m.0.cv1,64,any,64,64,0.0,0.0,3157200,0,0.0,0.0,4.407426657676697,4.427237,4.363264,0.122559,0.995525,-0.01981,226.88976531424203,225.874528,ok,
model.18.m.0.cv1,64,any,58,58,9.375,9.375,3150276,6924,0.2193,0.026413,4.407426657676697,4.455683,4.390912,0.116836,0.98917,-0.048256,226.88976531424203,224.432489,ok,
model.18.m.0.cv1,64,any,51,51,20.3125,20.3125,3142198,15002,0.4752,0.057228,4.407426657676697,4.377898,4.372528,0.020767,1.006745,0.029529,226.88976531424203,228.420127,ok,
model.18.m.0.cv1,64,any,45,45,29.6875,29.6875,3135274,21926,0.6945,0.083641,4.407426657676697,4.390956,4.37248,0.046646,1.003751,0.016471,226.88976531424203,227.740835,ok,
model.18.m.0.cv1,64,any,38,38,40.625,40.625,3127196,30004,0.9503,0.114456,4.407426657676697,4.376427,4.35712,0.042931,1.007083,0.030999,226.88976531424203,228.496883,ok,
model.18.m.0.cv1,64,any,32,32,50.0,50.0,3120272,36928,1.1696,0.140869,4.407426657676697,4.338308,4.33664,0.011543,1.015932,0.069118,226.88976531424203,230.504591,ok,
model.18.m.0.cv1,64,any,26,26,59.375,59.375,3113348,43852,1.389,0.167282,4.407426657676697,4.378139,4.358448,0.044729,1.006689,0.029287,226.88976531424203,228.407539,ok,
model.18.m.0.cv1,64,any,19,19,70.3125,70.3125,3105270,51930,1.6448,0.198097,4.407426657676697,4.385093,4.366144,0.04449,1.005093,0.022334,226.88976531424203,228.04534,ok,
model.18.m.0.cv1,64,any,13,13,79.6875,79.6875,3098346,58854,1.8641,0.22451,4.407426657676697,4.356778,4.34176,0.039294,1.011625,0.050648,226.88976531424203,229.527393,ok,
model.18.m.0.cv1,64,any,6,6,90.625,90.625,3090268,66932,2.12,0.255325,4.407426657676697,4.339048,4.338688,0.011958,1.015759,0.068379,226.88976531424203,230.465312,ok,
model.18.m.0.cv1,64,any,1,1,98.4375,98.4375,3084498,72702,2.3027,0.277336,4.407426657676697,4.362135,4.347904,0.039153,1.010383,0.045292,226.88976531424203,229.245562,ok,
model.18.m.0.cv1,64,even,64,64,0.0,0.0,3157200,0,0.0,0.0,4.407426657676697,4.370838,4.353024,0.047305,1.008371,0.036589,226.88976531424203,228.789103,ok,
model.18.m.0.cv1,64,even,58,58,9.375,9.375,3150276,6924,0.2193,0.026413,4.407426657676697,4.37795,4.362208,0.038545,1.006733,0.029477,226.88976531424203,228.417422,ok,
model.18.m.0.cv1,64,even,51,50,20.3125,21.875,3141044,16156,0.5117,0.06163,4.407426657676697,4.355804,4.35184,0.023257,1.011851,0.051622,226.88976531424203,229.578722,ok,
model.18.m.0.cv1,64,even,45,44,29.6875,31.25,3134120,23080,0.731,0.088043,4.407426657676697,4.368554,4.354048,0.03752,1.008898,0.038873,226.88976531424203,228.908718,ok,
model.18.m.0.cv1,64,even,38,38,40.625,40.625,3127196,30004,0.9503,0.114456,4.407426657676697,4.380611,4.365312,0.040163,1.006122,0.026816,226.88976531424203,228.278674,ok,
model.18.m.0.cv1,64,even,32,32,50.0,50.0,3120272,36928,1.1696,0.140869,4.407426657676697,4.357569,4.344832,0.036928,1.011442,0.049858,226.88976531424203,229.485776,ok,
model.18.m.0.cv1,64,even,26,26,59.375,59.375,3113348,43852,1.389,0.167282,4.407426657676697,4.372627,4.354576,0.041709,1.007959,0.0348,226.88976531424203,228.69549,ok,
model.18.m.0.cv1,64,even,19,18,70.3125,71.875,3104116,53084,1.6814,0.202499,4.407426657676697,4.369405,4.352992,0.039365,1.008702,0.038022,226.88976531424203,228.864107,ok,
model.18.m.0.cv1,64,even,13,12,79.6875,81.25,3097192,60008,1.9007,0.228912,4.407426657676697,4.356807,4.340832,0.042972,1.011619,0.05062,226.88976531424203,229.525915,ok,
model.18.m.0.cv1,64,even,6,6,90.625,90.625,3090268,66932,2.12,0.255325,4.407426657676697,4.337086,4.334448,0.020574,1.016218,0.070341,226.88976531424203,230.569576,ok,
model.18.m.0.cv1,64,even,1,2,98.4375,96.875,3085652,71548,2.2662,0.272934,4.407426657676697,4.395171,4.379808,0.039857,1.002788,0.012255,226.88976531424203,227.522423,ok,
model.18.m.0.cv1,64,odd,64,63,0.0,1.5625,3156046,1154,0.0366,0.004402,4.407426657676697,4.388432,4.372256,0.041548,1.004328,0.018995,226.88976531424203,227.871834,ok,
model.18.m.0.cv1,64,odd,58,57,9.375,10.9375,3149122,8078,0.2559,0.030815,4.407426657676697,4.372185,4.370464,0.012247,1.00806,0.035241,226.88976531424203,228.718573,ok,
model.18.m.0.cv1,64,odd,51,51,20.3125,20.3125,3142198,15002,0.4752,0.057228,4.407426657676697,4.414569,4.396944,0.043279,0.998382,-0.007142,226.88976531424203,226.522677,ok,
model.18.m.0.cv1,64,odd,45,45,29.6875,29.6875,3135274,21926,0.6945,0.083641,4.407426657676697,4.375525,4.360384,0.039268,1.007291,0.031902,226.88976531424203,228.544019,ok,
model.18.m.0.cv1,64,odd,38,37,40.625,42.1875,3126042,31158,0.9869,0.118858,4.407426657676697,4.372385,4.355072,0.041239,1.008014,0.035042,226.88976531424203,228.708155,ok,
model.18.m.0.cv1,64,odd,32,31,50.0,51.5625,3119118,38082,1.2062,0.145271,4.407426657676697,4.367885,4.36736,0.012203,1.009053,0.039541,226.88976531424203,228.943739,ok,
model.18.m.0.cv1,64,odd,26,25,59.375,60.9375,3112194,45006,1.4255,0.171684,4.407426657676697,4.36954,4.354944,0.038694,1.008671,0.037886,226.88976531424203,228.857028,ok,
model.18.m.0.cv1,64,odd,19,19,70.3125,70.3125,3105270,51930,1.6448,0.198097,4.407426657676697,4.398123,4.360192,0.106104,1.002115,0.009304,226.88976531424203,227.369716,ok,
model.18.m.0.cv1,64,odd,13,13,79.6875,79.6875,3098346,58854,1.8641,0.22451,4.407426657676697,4.375842,4.360224,0.037978,1.007218,0.031585,226.88976531424203,228.52745,ok,
model.18.m.0.cv1,64,odd,6,5,90.625,92.1875,3089114,68086,2.1565,0.259727,4.407426657676697,4.413061,4.358144,0.115812,0.998723,-0.005634,226.88976531424203,226.600101,ok,
model.18.m.0.cv1,64,odd,1,1,98.4375,98.4375,3084498,72702,2.3027,0.277336,4.407426657676697,4.380251,4.363632,0.044265,1.006204,0.027175,226.88976531424203,228.297398,ok,
model.18.m.0.cv2,64,any,64,64,0.0,0.0,3157200,0,0.0,0.0,4.407426657676697,4.371174,4.364352,0.027287,1.008294,0.036253,226.88976531424203,228.771505,ok,
model.18.m.0.cv2,64,any,58,58,9.375,9.375,3152964,4236,0.1342,0.016159,4.407426657676697,4.387356,4.370992,0.040295,1.004575,0.02007,226.88976531424203,227.927689,ok,
model.18.m.0.cv2,64,any,51,51,20.3125,20.3125,3148022,9178,0.2907,0.035011,4.407426657676697,4.383354,4.368368,0.039057,1.005492,0.024073,226.88976531424203,228.135799,ok,
model.18.m.0.cv2,64,any,45,45,29.6875,29.6875,3143786,13414,0.4249,0.05117,4.407426657676697,4.407455,4.38976,0.04292,0.999993,-2.9e-05,226.88976531424203,226.888282,ok,
model.18.m.0.cv2,64,any,38,38,40.625,40.625,3138844,18356,0.5814,0.070023,4.407426657676697,4.359892,4.343632,0.038176,1.010903,0.047534,226.88976531424203,229.363466,ok,
model.18.m.0.cv2,64,any,32,32,50.0,50.0,3134608,22592,0.7156,0.086182,4.407426657676697,4.334239,4.327472,0.026754,1.016886,0.073187,226.88976531424203,230.720986,ok,
model.18.m.0.cv2,64,any,26,26,59.375,59.375,3130372,26828,0.8497,0.102341,4.407426657676697,4.375824,4.35952,0.040059,1.007222,0.031602,226.88976531424203,228.52837,ok,
model.18.m.0.cv2,64,any,19,19,70.3125,70.3125,3125430,31770,1.0063,0.121193,4.407426657676697,4.397385,4.365312,0.080183,1.002284,0.010042,226.88976531424203,227.407887,ok,
model.18.m.0.cv2,64,any,13,13,79.6875,79.6875,3121194,36006,1.1404,0.137352,4.407426657676697,4.478135,4.37968,0.141483,0.98421,-0.070709,226.88976531424203,223.30723,ok,
model.18.m.0.cv2,64,any,6,6,90.625,90.625,3116252,40948,1.297,0.156204,4.407426657676697,4.380976,4.36376,0.040961,1.006038,0.026451,226.88976531424203,228.259639,ok,
model.18.m.0.cv2,64,any,1,1,98.4375,98.4375,3112722,44478,1.4088,0.16967,4.407426657676697,4.369666,4.353232,0.040895,1.008642,0.037761,226.88976531424203,228.850435,ok,
model.18.m.0.cv2,64,even,64,64,0.0,0.0,3157200,0,0.0,0.0,4.407426657676697,4.35397,4.336752,0.041452,1.012278,0.053456,226.88976531424203,229.675422,ok,
model.18.m.0.cv2,64,even,58,58,9.375,9.375,3152964,4236,0.1342,0.016159,4.407426657676697,4.377097,4.375584,0.01259,1.006929,0.03033,226.88976531424203,228.461925,ok,
model.18.m.0.cv2,64,even,51,50,20.3125,21.875,3147316,9884,0.3131,0.037704,4.407426657676697,4.397431,4.379904,0.041596,1.002273,0.009995,226.88976531424203,227.405489,ok,
model.18.m.0.cv2,64,even,45,44,29.6875,31.25,3143080,14120,0.4472,0.053864,4.407426657676697,4.404462,4.338688,0.147714,1.000673,0.002964,226.88976531424203,227.042471,ok,
model.18.m.0.cv2,64,even,38,38,40.625,40.625,3138844,18356,0.5814,0.070023,4.407426657676697,4.360139,4.352,0.029016,1.010845,0.047288,226.88976531424203,229.350481,ok,
model.18.m.0.cv2,64,even,32,32,50.0,50.0,3134608,22592,0.7156,0.086182,4.407426657676697,4.369109,4.337664,0.07401,1.00877,0.038318,226.88976531424203,228.879617,ok,
model.18.m.0.cv2,64,even,26,26,59.375,59.375,3130372,26828,0.8497,0.102341,4.407426657676697,4.449061,4.391776,0.124788,0.990642,-0.041635,226.88976531424203,224.766512,ok,
model.18.m.0.cv2,64,even,19,18,70.3125,71.875,3124724,32476,1.0286,0.123886,4.407426657676697,4.368868,4.35056,0.041944,1.008826,0.038558,226.88976531424203,228.89223,ok,
model.18.m.0.cv2,64,even,13,12,79.6875,81.25,3120488,36712,1.1628,0.140045,4.407426657676697,4.385548,4.370496,0.037608,1.004989,0.021879,226.88976531424203,228.021677,ok,
model.18.m.0.cv2,64,even,6,6,90.625,90.625,3116252,40948,1.297,0.156204,4.407426657676697,4.352418,4.336672,0.038498,1.012639,0.055009,226.88976531424203,229.757343,ok,
model.18.m.0.cv2,64,even,1,2,98.4375,96.875,3113428,43772,1.3864,0.166977,4.407426657676697,4.394103,4.378624,0.03961,1.003032,0.013324,226.88976531424203,227.577731,ok,
model.18.m.0.cv2,64,odd,64,63,0.0,1.5625,3156494,706,0.0224,0.002693,4.407426657676697,4.367736,4.35216,0.037165,1.009087,0.03969,226.88976531424203,228.951549,ok,
model.18.m.0.cv2,64,odd,58,57,9.375,10.9375,3152258,4942,0.1565,0.018852,4.407426657676697,4.361774,4.358336,0.019598,1.010467,0.045653,226.88976531424203,229.264533,ok,
model.18.m.0.cv2,64,odd,51,51,20.3125,20.3125,3148022,9178,0.2907,0.035011,4.407426657676697,4.387026,4.371456,0.038374,1.00465,0.0204,226.88976531424203,227.944841,ok,
model.18.m.0.cv2,64,odd,45,45,29.6875,29.6875,3143786,13414,0.4249,0.05117,4.407426657676697,4.461668,4.378192,0.137377,0.987843,-0.054242,226.88976531424203,224.131415,ok,
model.18.m.0.cv2,64,odd,38,37,40.625,42.1875,3138138,19062,0.6038,0.072716,4.407426657676697,4.400723,4.332544,0.126761,1.001523,0.006704,226.88976531424203,227.235389,ok,
model.18.m.0.cv2,64,odd,32,31,50.0,51.5625,3133902,23298,0.7379,0.088875,4.407426657676697,4.369859,4.352,0.041309,1.008597,0.037568,226.88976531424203,228.840353,ok,
model.18.m.0.cv2,64,odd,26,25,59.375,60.9375,3129666,27534,0.8721,0.105034,4.407426657676697,4.366768,4.350096,0.041958,1.009311,0.040659,226.88976531424203,229.002319,ok,
model.18.m.0.cv2,64,odd,19,19,70.3125,70.3125,3125430,31770,1.0063,0.121193,4.407426657676697,4.35988,4.344832,0.0382,1.010906,0.047547,226.88976531424203,229.364112,ok,
model.18.m.0.cv2,64,odd,13,13,79.6875,79.6875,3121194,36006,1.1404,0.137352,4.407426657676697,4.371623,4.371456,0.012112,1.00819,0.035804,226.88976531424203,228.747994,ok,
model.18.m.0.cv2,64,odd,6,5,90.625,92.1875,3115546,41654,1.3193,0.158897,4.407426657676697,4.458974,4.385328,0.121152,0.98844,-0.051548,226.88976531424203,224.266813,ok,
model.18.m.0.cv2,64,odd,1,1,98.4375,98.4375,3112722,44478,1.4088,0.16967,4.407426657676697,4.392729,4.375552,0.041684,1.003346,0.014697,226.88976531424203,227.648896,ok,
model.19,128,any,128,128,0.0,0.0,3157200,0,0.0,0.0,4.407426657676697,4.365867,4.349952,0.038184,1.009519,0.04156,226.88976531424203,229.049591,ok,
model.19,128,any,115,115,10.1562,10.1562,3138870,18330,0.5806,0.069923,4.407426657676697,4.381057,4.362224,0.051411,1.006019,0.02637,226.88976531424203,228.255415,ok,
model.19,128,any,102,102,20.3125,20.3125,3120540,36660,1.1612,0.139847,4.407426657676697,4.382435,4.365904,0.039815,1.005703,0.024992,226.88976531424203,228.183647,ok,
model.19,128,any,90,90,29.6875,29.6875,3103620,53580,1.6971,0.204391,4.407426657676697,4.384748,4.369232,0.067726,1.005172,0.022678,226.88976531424203,228.063253,ok,
model.19,128,any,77,77,39.8438,39.8438,3085290,71910,2.2777,0.274315,4.407426657676697,4.385916,4.371936,0.038427,1.004904,0.021511,226.88976531424203,228.00254,ok,
model.19,128,any,64,64,50.0,50.0,3066960,90240,2.8582,0.344238,4.407426657676697,4.39509,4.356016,0.085451,1.002807,0.012337,226.88976531424203,227.526641,ok,
model.19,128,any,51,51,60.1562,60.1562,3048630,108570,3.4388,0.414162,4.407426657676697,4.376207,4.360208,0.03935,1.007134,0.03122,226.88976531424203,228.508406,ok,
model.19,128,any,38,38,70.3125,70.3125,3030300,126900,4.0194,0.484085,4.407426657676697,4.377562,4.358144,0.049938,1.006822,0.029865,226.88976531424203,228.437649,ok,
model.19,128,any,26,26,79.6875,79.6875,3013380,143820,4.5553,0.54863,4.407426657676697,4.359514,4.350976,0.03153,1.01099,0.047912,226.88976531424203,229.383348,ok,
model.19,128,any,13,13,89.8438,89.8438,2995050,162150,5.1359,0.618553,4.407426657676697,4.390296,4.372512,0.040242,1.003902,0.01713,226.88976531424203,227.775059,ok,
model.19,128,any,1,1,99.2188,99.2188,2978130,179070,5.6718,0.683098,4.407426657676697,4.392241,4.373968,0.043479,1.003457,0.015186,226.88976531424203,227.674234,ok,
model.19,128,even,128,128,0.0,0.0,3157200,0,0.0,0.0,4.407426657676697,4.346735,4.345856,0.012628,1.013962,0.060691,226.88976531424203,230.057713,ok,
model.19,128,even,115,114,10.1562,10.9375,3137460,19740,0.6252,0.075302,4.407426657676697,4.393365,4.371568,0.044841,1.003201,0.014061,226.88976531424203,227.615939,ok,
model.19,128,even,102,102,20.3125,20.3125,3120540,36660,1.1612,0.139847,4.407426657676697,4.389001,4.374608,0.037403,1.004198,0.018425,226.88976531424203,227.842266,ok,
model.19,128,even,90,90,29.6875,29.6875,3103620,53580,1.6971,0.204391,4.407426657676697,4.371437,4.354096,0.042491,1.008233,0.035989,226.88976531424203,228.757718,ok,
model.19,128,even,77,76,39.8438,40.625,3083880,73320,2.3223,0.279694,4.407426657676697,4.372847,4.371536,0.014019,1.007908,0.03458,226.88976531424203,228.683982,ok,
model.19,128,even,64,64,50.0,50.0,3066960,90240,2.8582,0.344238,4.407426657676697,4.368924,4.353024,0.042657,1.008813,0.038503,226.88976531424203,228.889318,ok,
model.19,128,even,51,50,60.1562,60.9375,3047220,109980,3.4835,0.41954,4.407426657676697,4.37061,4.353072,0.042734,1.008424,0.036816,226.88976531424203,228.801002,ok,
model.19,128,even,38,38,70.3125,70.3125,3030300,126900,4.0194,0.484085,4.407426657676697,4.386413,4.376576,0.030982,1.004791,0.021014,226.88976531424203,227.976703,ok,
model.19,128,even,26,26,79.6875,79.6875,3013380,143820,4.5553,0.54863,4.407426657676697,4.379831,4.360672,0.044422,1.006301,0.027596,226.88976531424203,228.319304,ok,
model.19,128,even,13,12,89.8438,90.625,2993640,163560,5.1805,0.623932,4.407426657676697,4.366637,4.350976,0.039596,1.009341,0.040789,226.88976531424203,229.009172,ok,
model.19,128,even,1,2,99.2188,98.4375,2979540,177660,5.6271,0.677719,4.407426657676697,4.391324,4.374768,0.041267,1.003667,0.016103,226.88976531424203,227.721756,ok,
model.19,128,odd,128,127,0.0,0.7812,3155790,1410,0.0447,0.005379,4.407426657676697,4.381593,4.36736,0.038951,1.005896,0.025834,226.88976531424203,228.227515,ok,
model.19,128,odd,115,115,10.1562,10.1562,3138870,18330,0.5806,0.069923,4.407426657676697,4.381134,4.36528,0.039863,1.006001,0.026293,226.88976531424203,228.251425,ok,
model.19,128,odd,102,101,20.3125,21.0938,3119130,38070,1.2058,0.145226,4.407426657676697,4.388947,4.371456,0.040162,1.004211,0.01848,226.88976531424203,227.845102,ok,
model.19,128,odd,90,89,29.6875,30.4688,3102210,54990,1.7417,0.20977,4.407426657676697,4.368452,4.356976,0.036083,1.008922,0.038975,226.88976531424203,228.914038,ok,
model.19,128,odd,77,77,39.8438,39.8438,3085290,71910,2.2777,0.274315,4.407426657676697,4.375905,4.359936,0.039916,1.007203,0.031522,226.88976531424203,228.524164,ok,
model.19,128,odd,64,63,50.0,50.7812,3065550,91650,2.9029,0.349617,4.407426657676697,4.378694,4.364848,0.038849,1.006562,0.028733,226.88976531424203,228.378617,ok,
model.19,128,odd,51,51,60.1562,60.1562,3048630,108570,3.4388,0.414162,4.407426657676697,4.369174,4.352,0.040487,1.008755,0.038253,226.88976531424203,228.876232,ok,
model.19,128,odd,38,37,70.3125,71.0938,3028890,128310,4.064,0.489464,4.407426657676697,4.374731,4.372512,0.014414,1.007474,0.032696,226.88976531424203,228.58549,ok,
model.19,128,odd,26,25,79.6875,80.4688,3011970,145230,4.6,0.554008,4.407426657676697,4.391148,4.369392,0.044252,1.003707,0.016279,226.88976531424203,227.730873,ok,
model.19,128,odd,13,13,89.8438,89.8438,2995050,162150,5.1359,0.618553,4.407426657676697,4.375163,4.35824,0.042717,1.007374,0.032264,226.88976531424203,228.562908,ok,
model.19,128,odd,1,1,99.2188,99.2188,2978130,179070,5.6718,0.683098,4.407426657676697,4.376459,4.359632,0.042924,1.007076,0.030968,226.88976531424203,228.495252,ok,
model.21.cv2,256,any,256,256,0.0,0.0,3157200,0,0.0,0.0,4.407426657676697,4.361129,4.360192,0.01329,1.010616,0.046298,226.88976531424203,229.298424,ok,
model.21.cv2,256,any,230,230,10.1562,10.1562,3113468,43732,1.3852,0.166824,4.407426657676697,4.386438,4.369488,0.041508,1.004785,0.020989,226.88976531424203,227.975433,ok,
model.21.cv2,256,any,205,205,19.9219,19.9219,3071418,85782,2.717,0.327232,4.407426657676697,4.400297,4.382736,0.039939,1.00162,0.00713,226.88976531424203,227.257395,ok,
model.21.cv2,256,any,179,179,30.0781,30.0781,3027686,129514,4.1022,0.494057,4.407426657676697,4.410268,4.391936,0.041991,0.999356,-0.002841,226.88976531424203,226.743615,ok,
model.21.cv2,256,any,154,154,39.8438,39.8438,2985636,171564,5.4341,0.654465,4.407426657676697,4.370071,4.354208,0.038629,1.008548,0.037356,226.88976531424203,228.829226,ok,
model.21.cv2,256,any,128,128,50.0,50.0,2941904,215296,6.8192,0.821289,4.407426657676697,4.372363,4.35768,0.038974,1.008019,0.035064,226.88976531424203,228.709293,ok,
model.21.cv2,256,any,102,102,60.1562,60.1562,2898172,259028,8.2044,0.988113,4.407426657676697,4.3691,4.354048,0.038389,1.008772,0.038327,226.88976531424203,228.880092,ok,
model.21.cv2,256,any,77,77,69.9219,69.9219,2856122,301078,9.5362,1.148521,4.407426657676697,4.36388,4.359168,0.024514,1.009979,0.043547,226.88976531424203,229.153866,ok,
model.21.cv2,256,any,51,51,80.0781,80.0781,2812390,344810,10.9214,1.315346,4.407426657676697,4.398382,4.380768,0.042557,1.002056,0.009045,226.88976531424203,227.356339,ok,
model.21.cv2,256,any,26,26,89.8438,89.8438,2770340,386860,12.2533,1.475754,4.407426657676697,4.391659,4.37104,0.047316,1.00359,0.015767,226.88976531424203,227.704367,ok,
model.21.cv2,256,any,1,1,99.6094,99.6094,2728290,428910,13.5851,1.636162,4.407426657676697,4.311565,4.310976,0.01385,1.022234,0.095862,226.88976531424203,231.93436,ok,
model.21.cv2,256,even,256,256,0.0,0.0,3157200,0,0.0,0.0,4.407426657676697,4.373891,4.355584,0.040809,1.007667,0.033536,226.88976531424203,228.629384,ok,
model.21.cv2,256,even,230,230,10.1562,10.1562,3113468,43732,1.3852,0.166824,4.407426657676697,4.384016,4.367168,0.041148,1.00534,0.023411,226.88976531424203,228.101363,ok,
model.21.cv2,256,even,205,204,19.9219,20.3125,3069736,87464,2.7703,0.333649,4.407426657676697,4.364451,4.346912,0.041277,1.009847,0.042975,226.88976531424203,229.123877,ok,
model.21.cv2,256,even,179,178,30.0781,30.4688,3026004,131196,4.1555,0.500473,4.407426657676697,4.38042,4.378624,0.018616,1.006165,0.027007,226.88976531424203,228.288609,ok,
model.21.cv2,256,even,154,154,39.8438,39.8438,2985636,171564,5.4341,0.654465,4.407426657676697,4.381486,4.361712,0.046614,1.005921,0.025941,226.88976531424203,228.233087,ok,
model.21.cv2,256,even,128,128,50.0,50.0,2941904,215296,6.8192,0.821289,4.407426657676697,4.35741,4.33872,0.043998,1.011478,0.050016,226.88976531424203,229.494108,ok,
model.21.cv2,256,even,102,102,60.1562,60.1562,2898172,259028,8.2044,0.988113,4.407426657676697,4.482165,4.424672,0.151454,0.983325,-0.074739,226.88976531424203,223.106451,ok,
model.21.cv2,256,even,77,76,69.9219,70.3125,2854440,302760,9.5895,1.154938,4.407426657676697,4.349611,4.348976,0.011173,1.013292,0.057816,226.88976531424203,229.905612,ok,
model.21.cv2,256,even,51,50,80.0781,80.4688,2810708,346492,10.9747,1.321762,4.407426657676697,4.387297,4.373888,0.037062,1.004588,0.02013,226.88976531424203,227.930798,ok,
model.21.cv2,256,even,26,26,89.8438,89.8438,2770340,386860,12.2533,1.475754,4.407426657676697,4.382196,4.363504,0.043076,1.005758,0.025231,226.88976531424203,228.196095,ok,
model.21.cv2,256,even,1,2,99.6094,99.2188,2729972,427228,13.5319,1.629745,4.407426657676697,4.337854,4.33512,0.020291,1.016039,0.069573,226.88976531424203,230.528755,ok,
model.21.cv2,256,odd,256,255,0.0,0.3906,3155518,1682,0.0533,0.006416,4.407426657676697,4.386503,4.365328,0.045269,1.00477,0.020924,226.88976531424203,227.972057,ok,
model.21.cv2,256,odd,230,229,10.1562,10.5469,3111786,45414,1.4384,0.173241,4.407426657676697,4.419852,4.388864,0.074586,0.997189,-0.012425,226.88976531424203,226.251928,ok,
model.21.cv2,256,odd,205,205,19.9219,19.9219,3071418,85782,2.717,0.327232,4.407426657676697,4.458487,4.386816,0.124896,0.988548,-0.05106,226.88976531424203,224.291343,ok,
model.21.cv2,256,odd,179,179,30.0781,30.0781,3027686,129514,4.1022,0.494057,4.407426657676697,4.359646,4.359152,0.011944,1.01096,0.047781,226.88976531424203,229.376422,ok,
model.21.cv2,256,odd,154,153,39.8438,40.2344,2983954,173246,5.4873,0.660881,4.407426657676697,4.377711,4.356096,0.05076,1.006788,0.029716,226.88976531424203,228.429878,ok,
model.21.cv2,256,odd,128,127,50.0,50.3906,2940222,216978,6.8725,0.827705,4.407426657676697,4.382153,4.360192,0.050608,1.005767,0.025273,226.88976531424203,228.198305,ok,
model.21.cv2,256,odd,102,101,60.1562,60.5469,2896490,260710,8.2576,0.99453,4.407426657676697,4.345638,4.330496,0.037857,1.014219,0.061788,226.88976531424203,230.115799,ok,
model.21.cv2,256,odd,77,77,69.9219,69.9219,2856122,301078,9.5362,1.148521,4.407426657676697,4.368452,4.348928,0.04342,1.008922,0.038974,226.88976531424203,228.914021,ok,
model.21.cv2,256,odd,51,51,80.0781,80.0781,2812390,344810,10.9214,1.315346,4.407426657676697,4.379209,4.36224,0.041299,1.006444,0.028218,226.88976531424203,228.351765,ok,
model.21.cv2,256,odd,26,25,89.8438,90.2344,2768658,388542,12.3065,1.48217,4.407426657676697,4.377176,4.359168,0.043932,1.006911,0.030251,226.88976531424203,228.457822,ok,
model.21.cv2,256,odd,1,1,99.6094,99.6094,2728290,428910,13.5851,1.636162,4.407426657676697,4.345147,4.342848,0.012951,1.014333,0.06228,226.88976531424203,230.141823,ok,
model.21.cv1,128,any,128,128,0.0,0.0,3157200,0,0.0,0.0,4.407426657676697,4.377465,4.357648,0.046859,1.006845,0.029962,226.88976531424203,228.44273,ok,
model.21.cv1,128,any,115,115,10.1562,10.1562,3080266,76934,2.4368,0.29348,4.407426657676697,4.353962,4.337152,0.039775,1.01228,0.053465,226.88976531424203,229.675872,ok,
model.21.cv1,128,any,102,102,20.3125,20.3125,3009416,147784,4.6809,0.563751,4.407426657676697,4.389918,4.371456,0.041852,1.003988,0.017508,226.88976531424203,227.794672,ok,
model.21.cv1,128,any,90,90,29.6875,29.6875,2949416,207784,6.5813,0.792633,4.407426657676697,4.401075,4.398368,0.021161,1.001443,0.006352,226.88976531424203,227.217226,ok,
model.21.cv1,128,any,77,77,39.8438,39.8438,2890266,266934,8.4548,1.018272,4.407426657676697,4.415565,4.399104,0.041041,0.998157,-0.008138,226.88976531424203,226.471589,ok,
model.21.cv1,128,any,64,64,50.0,50.0,2837200,320000,10.1356,1.220703,4.407426657676697,4.411716,4.368304,0.096713,0.999028,-0.004289,226.88976531424203,226.669188,ok,
model.21.cv1,128,any,51,51,60.1562,60.1562,2790218,366982,11.6237,1.399925,4.407426657676697,4.406076,4.388096,0.042394,1.000307,0.001351,226.88976531424203,226.959342,ok,
model.21.cv1,128,any,38,38,70.3125,70.3125,2749320,407880,12.919,1.555939,4.407426657676697,4.397313,4.376576,0.044391,1.0023,0.010113,226.88976531424203,227.411595,ok,
model.21.cv1,128,any,26,26,79.6875,79.6875,2716968,440232,13.9437,1.679352,4.407426657676697,4.384643,4.364672,0.045258,1.005196,0.022784,226.88976531424203,228.068745,ok,
model.21.cv1,128,any,13,13,89.8438,89.8438,2687770,469430,14.8686,1.790733,4.407426657676697,4.440584,4.403248,0.135894,0.992533,-0.033157,226.88976531424203,225.195604,ok,
model.21.cv1,128,any,1,1,99.2188,99.2188,2666218,490982,15.5512,1.872948,4.407426657676697,4.349852,4.342608,0.029162,1.013236,0.057575,226.88976531424203,229.892877,ok,
model.21.cv1,128,even,128,128,0.0,0.0,3157200,0,0.0,0.0,4.407426657676697,4.351348,4.335616,0.039538,1.012888,0.056079,226.88976531424203,229.813851,ok,
model.21.cv1,128,even,115,114,10.1562,10.9375,3074600,82600,2.6162,0.315094,4.407426657676697,4.375926,4.353424,0.055344,1.007199,0.0315,226.88976531424203,228.523039,ok,
model.21.cv1,128,even,102,102,20.3125,20.3125,3009416,147784,4.6809,0.563751,4.407426657676697,4.40953,4.391008,0.04273,0.999523,-0.002103,226.88976531424203,226.781558,ok,
model.21.cv1,128,even,90,90,29.6875,29.6875,2949416,207784,6.5813,0.792633,4.407426657676697,4.394912,4.383376,0.036242,1.002848,0.012515,226.88976531424203,227.535841,ok,
model.21.cv1,128,even,77,76,39.8438,40.625,2885968,271232,8.5909,1.034668,4.407426657676697,4.380435,4.364288,0.040891,1.006162,0.026991,226.88976531424203,228.28782,ok,
model.21.cv1,128,even,64,64,50.0,50.0,2837200,320000,10.1356,1.220703,4.407426657676697,4.389773,4.372544,0.041432,1.004022,0.017654,226.88976531424203,227.802228,ok,
model.21.cv1,128,even,51,50,60.1562,60.9375,2786856,370344,11.7301,1.41275,4.407426657676697,4.391823,4.390368,0.012351,1.003553,0.015604,226.88976531424203,227.695878,ok,
model.21.cv1,128,even,38,38,70.3125,70.3125,2749320,407880,12.919,1.555939,4.407426657676697,4.402946,4.38272,0.047198,1.001018,0.004481,226.88976531424203,227.120658,ok,
model.21.cv1,128,even,26,26,79.6875,79.6875,2716968,440232,13.9437,1.679352,4.407426657676697,4.384727,4.36656,0.041087,1.005177,0.0227,226.88976531424203,228.064389,ok,
model.21.cv1,128,even,13,12,89.8438,90.625,2685776,471424,14.9317,1.79834,4.407426657676697,4.34241,4.3264,0.039072,1.014972,0.065017,226.88976531424203,230.286861,ok,
model.21.cv1,128,even,1,2,99.2188,98.4375,2667816,489384,15.5006,1.866852,4.407426657676697,4.346311,4.337648,0.049143,1.014061,0.061116,226.88976531424203,230.080175,ok,
model.21.cv1,128,odd,128,127,0.0,0.7812,3151066,6134,0.1943,0.023399,4.407426657676697,4.42179,4.406256,0.038925,0.996752,-0.014363,226.88976531424203,226.152775,ok,
model.21.cv1,128,odd,115,115,10.1562,10.1562,3080266,76934,2.4368,0.29348,4.407426657676697,4.391456,4.340592,0.106438,1.003637,0.015971,226.88976531424203,227.714903,ok,
model.21.cv1,128,odd,102,101,20.3125,21.0938,3004218,152982,4.8455,0.58358,4.407426657676697,4.347104,4.344832,0.01622,1.013877,0.060323,226.88976531424203,230.038211,ok,
model.21.cv1,128,odd,90,89,29.6875,30.4688,2944650,212550,6.7322,0.810814,4.407426657676697,4.413934,4.394048,0.044141,0.998526,-0.006507,226.88976531424203,226.55527,ok,
model.21.cv1,128,odd,77,77,39.8438,39.8438,2890266,266934,8.4548,1.018272,4.407426657676697,4.397792,4.381552,0.042074,1.002191,0.009634,226.88976531424203,227.386818,ok,
model.21.cv1,128,odd,64,63,50.0,50.7812,2833370,323830,10.2569,1.235313,4.407426657676697,4.414049,4.394896,0.044024,0.9985,-0.006622,226.88976531424203,226.549368,ok,
model.21.cv1,128,odd,51,51,60.1562,60.1562,2790218,366982,11.6237,1.399925,4.407426657676697,4.390831,4.389648,0.011824,1.00378,0.016596,226.88976531424203,227.747331,ok,
model.21.cv1,128,odd,38,37,70.3125,71.0938,2746426,410774,13.0107,1.566978,4.407426657676697,4.486606,4.459088,0.126872,0.982352,-0.07918,226.88976531424203,222.885609,ok,
model.21.cv1,128,odd,26,25,79.6875,80.4688,2714506,442694,14.0217,1.688744,4.407426657676697,4.386603,4.344832,0.109855,1.004747,0.020823,226.88976531424203,227.966813,ok,
model.21.cv1,128,odd,13,13,89.8438,89.8438,2687770,469430,14.8686,1.790733,4.407426657676697,4.330334,4.3264,0.020818,1.017803,0.077093,226.88976531424203,230.92907,ok,
model.21.cv1,128,odd,1,1,99.2188,99.2188,2666218,490982,15.5512,1.872948,4.407426657676697,4.349601,4.331696,0.040225,1.013294,0.057826,226.88976531424203,229.906148,ok,
model.21.m.0.cv1,128,any,128,128,0.0,0.0,3157200,0,0.0,0.0,4.407426657676697,4.375385,4.360192,0.03882,1.007323,0.032042,226.88976531424203,228.55134,ok,
model.21.m.0.cv1,128,any,115,115,10.1562,10.1562,3127222,29978,0.9495,0.114357,4.407426657676697,4.373369,4.35704,0.041558,1.007788,0.034058,226.88976531424203,228.65668,ok,
model.21.m.0.cv1,128,any,102,102,20.3125,20.3125,3097244,59956,1.899,0.228714,4.407426657676697,4.363734,4.340624,0.07937,1.010013,0.043693,226.88976531424203,229.161535,ok,
model.21.m.0.cv1,128,any,90,90,29.6875,29.6875,3069572,87628,2.7755,0.334274,4.407426657676697,4.375758,4.355072,0.046272,1.007237,0.031669,226.88976531424203,228.531858,ok,
model.21.m.0.cv1,128,any,77,77,39.8438,39.8438,3039594,117606,3.725,0.448631,4.407426657676697,4.360293,4.341968,0.041002,1.01081,0.047134,226.88976531424203,229.34238,ok,
model.21.m.0.cv1,128,any,64,64,50.0,50.0,3009616,147584,4.6745,0.562988,4.407426657676697,4.386462,4.372448,0.042309,1.004779,0.020965,226.88976531424203,227.97418,ok,
model.21.m.0.cv1,128,any,51,51,60.1562,60.1562,2979638,177562,5.624,0.677345,4.407426657676697,4.356821,4.352,0.027316,1.011615,0.050606,226.88976531424203,229.525145,ok,
model.21.m.0.cv1,128,any,38,38,70.3125,70.3125,2949660,207540,6.5735,0.791702,4.407426657676697,4.40309,4.363264,0.086729,1.000985,0.004337,226.88976531424203,227.113235,ok,
model.21.m.0.cv1,128,any,26,26,79.6875,79.6875,2921988,235212,7.45,0.897263,4.407426657676697,4.389433,4.370432,0.042194,1.004099,0.017994,226.88976531424203,227.819876,ok,
model.21.m.0.cv1,128,any,13,13,89.8438,89.8438,2892010,265190,8.3995,1.01162,4.407426657676697,4.375279,4.372656,0.019233,1.007348,0.032148,226.88976531424203,228.556857,ok,
model.21.m.0.cv1,128,any,1,1,99.2188,99.2188,2864338,292862,9.276,1.11718,4.407426657676697,4.373947,4.356064,0.041164,1.007654,0.03348,226.88976531424203,228.626472,ok,
model.21.m.0.cv1,128,even,128,128,0.0,0.0,3157200,0,0.0,0.0,4.407426657676697,4.341216,4.323456,0.045462,1.015252,0.066211,226.88976531424203,230.350217,ok,
model.21.m.0.cv1,128,even,115,114,10.1562,10.9375,3124916,32284,1.0226,0.123154,4.407426657676697,4.423874,4.355024,0.116116,0.996282,-0.016447,226.88976531424203,226.046214,ok,
model.21.m.0.cv1,128,even,102,102,20.3125,20.3125,3097244,59956,1.899,0.228714,4.407426657676697,4.345195,4.339712,0.026132,1.014322,0.062232,226.88976531424203,230.139276,ok,
model.21.m.0.cv1,128,even,90,90,29.6875,29.6875,3069572,87628,2.7755,0.334274,4.407426657676697,4.358914,4.345312,0.038971,1.011129,0.048512,226.88976531424203,229.414929,ok,
model.21.m.0.cv1,128,even,77,76,39.8438,40.625,3037288,119912,3.798,0.457428,4.407426657676697,4.363204,4.344656,0.046259,1.010135,0.044222,226.88976531424203,229.189361,ok,
model.21.m.0.cv1,128,even,64,64,50.0,50.0,3009616,147584,4.6745,0.562988,4.407426657676697,4.409542,4.35144,0.126689,0.99952,-0.002115,226.88976531424203,226.780939,ok,
model.21.m.0.cv1,128,even,51,50,60.1562,60.9375,2977332,179868,5.6971,0.686142,4.407426657676697,4.381482,4.358096,0.061345,1.005921,0.025945,226.88976531424203,228.233288,ok,
model.21.m.0.cv1,128,even,38,38,70.3125,70.3125,2949660,207540,6.5735,0.791702,4.407426657676697,4.387767,4.368816,0.041449,1.00448,0.019659,226.88976531424203,227.906341,ok,
model.21.m.0.cv1,128,even,26,26,79.6875,79.6875,2921988,235212,7.45,0.897263,4.407426657676697,4.393173,4.376576,0.041757,1.003245,0.014254,226.88976531424203,227.625931,ok,
model.21.m.0.cv1,128,even,13,12,89.8438,90.625,2889704,267496,8.4726,1.020416,4.407426657676697,4.336373,4.335616,0.012317,1.016385,0.071053,226.88976531424203,230.607445,ok,
model.21.m.0.cv1,128,even,1,2,99.2188,98.4375,2866644,290556,9.203,1.108383,4.407426657676697,4.387898,4.3704,0.045971,1.004451,0.019529,226.88976531424203,227.899553,ok,
model.21.m.0.cv1,128,odd,128,127,0.0,0.7812,3154894,2306,0.073,0.008797,4.407426657676697,4.368663,4.349952,0.046387,1.008873,0.038764,226.88976531424203,228.902988,ok,
model.21.m.0.cv1,128,odd,115,115,10.1562,10.1562,3127222,29978,0.9495,0.114357,4.407426657676697,4.345136,4.328848,0.040835,1.014336,0.062291,226.88976531424203,230.142399,ok,
model.21.m.0.cv1,128,odd,102,101,20.3125,21.0938,3094938,62262,1.9721,0.237511,4.407426657676697,4.345371,4.341552,0.01785,1.014281,0.062056,226.88976531424203,230.129954,ok,
model.21.m.0.cv1,128,odd,90,89,29.6875,30.4688,3067266,89934,2.8485,0.343071,4.407426657676697,4.36104,4.344608,0.042567,1.010637,0.046387,226.88976531424203,229.303107,ok,
model.21.m.0.cv1,128,odd,77,77,39.8438,39.8438,3039594,117606,3.725,0.448631,4.407426657676697,4.364628,4.347904,0.040434,1.009806,0.042798,226.88976531424203,229.114592,ok,
model.21.m.0.cv1,128,odd,64,63,50.0,50.7812,3007310,149890,4.7476,0.571785,4.407426657676697,4.375599,4.373792,0.015817,1.007274,0.031828,226.88976531424203,228.540153,ok,
model.21.m.0.cv1,128,odd,51,51,60.1562,60.1562,2979638,177562,5.624,0.677345,4.407426657676697,4.367818,4.348048,0.044007,1.009068,0.039608,226.88976531424203,228.94725,ok,
model.21.m.0.cv1,128,odd,38,37,70.3125,71.0938,2947354,209846,6.6466,0.800499,4.407426657676697,4.377979,4.360384,0.041683,1.006726,0.029448,226.88976531424203,228.415903,ok,
model.21.m.0.cv1,128,odd,26,25,79.6875,80.4688,2919682,237518,7.5231,0.906059,4.407426657676697,4.403261,4.385792,0.043948,1.000946,0.004166,226.88976531424203,227.104406,ok,
model.21.m.0.cv1,128,odd,13,13,89.8438,89.8438,2892010,265190,8.3995,1.01162,4.407426657676697,4.358718,4.356096,0.015288,1.011175,0.048709,226.88976531424203,229.425258,ok,
model.21.m.0.cv1,128,odd,1,1,99.2188,99.2188,2864338,292862,9.276,1.11718,4.407426657676697,4.377972,4.36224,0.039346,1.006728,0.029455,226.88976531424203,228.41626,ok,
model.21.m.0.cv2,128,any,128,128,0.0,0.0,3157200,0,0.0,0.0,4.407426657676697,4.375278,4.35736,0.043262,1.007348,0.032149,226.88976531424203,228.556907,ok,
model.21.m.0.cv2,128,any,115,115,10.1562,10.1562,3138870,18330,0.5806,0.069923,4.407426657676697,4.34104,4.328448,0.036062,1.015293,0.066387,226.88976531424203,230.35954,ok,
model.21.m.0.cv2,128,any,102,102,20.3125,20.3125,3120540,36660,1.1612,0.139847,4.407426657676697,4.379983,4.347904,0.075033,1.006266,0.027444,226.88976531424203,228.311397,ok,
model.21.m.0.cv2,128,any,90,90,29.6875,29.6875,3103620,53580,1.6971,0.204391,4.407426657676697,4.375642,4.360192,0.039363,1.007264,0.031784,226.88976531424203,228.53788,ok,
model.21.m.0.cv2,128,any,77,77,39.8438,39.8438,3085290,71910,2.2777,0.274315,4.407426657676697,4.37425,4.353808,0.044166,1.007585,0.033177,226.88976531424203,228.610645,ok,
model.21.m.0.cv2,128,any,64,64,50.0,50.0,3066960,90240,2.8582,0.344238,4.407426657676697,4.355541,4.354128,0.012646,1.011912,0.051885,226.88976531424203,229.592586,ok,
model.21.m.0.cv2,128,any,51,51,60.1562,60.1562,3048630,108570,3.4388,0.414162,4.407426657676697,4.37526,4.358144,0.042864,1.007352,0.032167,226.88976531424203,228.557865,ok,
model.21.m.0.cv2,128,any,38,38,70.3125,70.3125,3030300,126900,4.0194,0.484085,4.407426657676697,4.396087,4.375792,0.047315,1.00258,0.01134,226.88976531424203,227.475044,ok,
model.21.m.0.cv2,128,any,26,26,79.6875,79.6875,3013380,143820,4.5553,0.54863,4.407426657676697,4.389984,4.370512,0.045869,1.003973,0.017443,226.88976531424203,227.791257,ok,
model.21.m.0.cv2,128,any,13,13,89.8438,89.8438,2995050,162150,5.1359,0.618553,4.407426657676697,4.397091,4.378624,0.04063,1.002351,0.010336,226.88976531424203,227.423091,ok,
model.21.m.0.cv2,128,any,1,1,99.2188,99.2188,2978130,179070,5.6718,0.683098,4.407426657676697,4.367481,4.350976,0.041384,1.009146,0.039945,226.88976531424203,228.964919,ok,
model.21.m.0.cv2,128,even,128,128,0.0,0.0,3157200,0,0.0,0.0,4.407426657676697,4.357221,4.340272,0.040606,1.011522,0.050205,226.88976531424203,229.504063,ok,
model.21.m.0.cv2,128,even,115,114,10.1562,10.9375,3137460,19740,0.6252,0.075302,4.407426657676697,4.350155,4.348976,0.012646,1.013165,0.057271,226.88976531424203,229.876844,ok,
model.21.m.0.cv2,128,even,102,102,20.3125,20.3125,3120540,36660,1.1612,0.139847,4.407426657676697,4.359443,4.340352,0.0437,1.011007,0.047983,226.88976531424203,229.387082,ok,
model.21.m.0.cv2,128,even,90,90,29.6875,29.6875,3103620,53580,1.6971,0.204391,4.407426657676697,4.375216,4.360192,0.038322,1.007362,0.032211,226.88976531424203,228.560155,ok,
model.21.m.0.cv2,128,even,77,76,39.8438,40.625,3083880,73320,2.3223,0.279694,4.407426657676697,4.390628,4.372768,0.041215,1.003826,0.016799,226.88976531424203,227.757872,ok,
model.21.m.0.cv2,128,even,64,64,50.0,50.0,3066960,90240,2.8582,0.344238,4.407426657676697,4.346527,4.34592,0.012029,1.014011,0.060899,226.88976531424203,230.068723,ok,
model.21.m.0.cv2,128,even,51,50,60.1562,60.9375,3047220,109980,3.4835,0.41954,4.407426657676697,4.407633,4.378624,0.072683,0.999953,-0.000206,226.88976531424203,226.879168,ok,
model.21.m.0.cv2,128,even,38,38,70.3125,70.3125,3030300,126900,4.0194,0.484085,4.407426657676697,4.414445,4.397968,0.042002,0.99841,-0.007018,226.88976531424203,226.529065,ok,
model.21.m.0.cv2,128,even,26,26,79.6875,79.6875,3013380,143820,4.5553,0.54863,4.407426657676697,4.369664,4.366336,0.018997,1.008642,0.037763,226.88976531424203,228.850564,ok,
model.21.m.0.cv2,128,even,13,12,89.8438,90.625,2993640,163560,5.1805,0.623932,4.407426657676697,4.375582,4.358144,0.042473,1.007278,0.031845,226.88976531424203,228.541033,ok,
model.21.m.0.cv2,128,even,1,2,99.2188,98.4375,2979540,177660,5.6271,0.677719,4.407426657676697,4.401009,4.383728,0.042662,1.001458,0.006418,226.88976531424203,227.220634,ok,
model.21.m.0.cv2,128,odd,128,127,0.0,0.7812,3155790,1410,0.0447,0.005379,4.407426657676697,4.360491,4.339776,0.04374,1.010764,0.046935,226.88976531424203,229.331956,ok,
model.21.m.0.cv2,128,odd,115,115,10.1562,10.1562,3138870,18330,0.5806,0.069923,4.407426657676697,4.347974,4.347024,0.011724,1.013674,0.059452,226.88976531424203,229.992165,ok,
model.21.m.0.cv2,128,odd,102,101,20.3125,21.0938,3119130,38070,1.2058,0.145226,4.407426657676697,4.358315,4.341456,0.041736,1.011268,0.049111,226.88976531424203,229.446461,ok,
model.21.m.0.cv2,128,odd,90,89,29.6875,30.4688,3102210,54990,1.7417,0.20977,4.407426657676697,4.358941,4.3408,0.042155,1.011123,0.048485,226.88976531424203,229.413503,ok,
model.21.m.0.cv2,128,odd,77,77,39.8438,39.8438,3085290,71910,2.2777,0.274315,4.407426657676697,4.363391,4.34688,0.041269,1.010092,0.044036,226.88976531424203,229.179557,ok,
model.21.m.0.cv2,128,odd,64,63,50.0,50.7812,3065550,91650,2.9029,0.349617,4.407426657676697,4.371634,4.367904,0.021738,1.008188,0.035793,226.88976531424203,228.747441,ok,
model.21.m.0.cv2,128,odd,51,51,60.1562,60.1562,3048630,108570,3.4388,0.414162,4.407426657676697,4.372083,4.35608,0.04009,1.008084,0.035343,226.88976531424203,228.723907,ok,
model.21.m.0.cv2,128,odd,38,37,70.3125,71.0938,3028890,128310,4.064,0.489464,4.407426657676697,4.407199,4.38784,0.044038,1.000052,0.000228,226.88976531424203,226.901511,ok,
model.21.m.0.cv2,128,odd,26,25,79.6875,80.4688,3011970,145230,4.6,0.554008,4.407426657676697,4.405968,4.388864,0.04268,1.000331,0.001459,226.88976531424203,226.964897,ok,
model.21.m.0.cv2,128,odd,13,13,89.8438,89.8438,2995050,162150,5.1359,0.618553,4.407426657676697,4.390724,4.371264,0.043292,1.003804,0.016703,226.88976531424203,227.752897,ok,
model.21.m.0.cv2,128,odd,1,1,99.2188,99.2188,2978130,179070,5.6718,0.683098,4.407426657676697,4.381627,4.374528,0.030822,1.005888,0.0258,226.88976531424203,228.225742,ok,
